Datum des Eintrags,Stockname,Standortname,Brutraumzargenformat,Honigraumzargenformat,Beutentyp,Stocktyp,Position am Stand,Notizen Stock,Notizen Eintrag,Sichtungen,Weiselzellen,Bebrütete Waben,Besetzte Waben,Zählmethode,Gezählte Milben,Zählzeitraum (Tage),Medikament,Anwendungsmethode,Biotechnische Maßnahme,Medikamentenmenge,Behandlungsdauer,Behandelnde Person,Bewertung Volksstärke,Bewertung Sanftmut,Bewertung Schwarmtrieb,Bewertung Wabensitz,Bewertung Futtermenge,Ernte,Ernte Rähmchenanzahl,Geerntete Menge (kg),Honigtyp,Futtertyp,Futtermenge,Gewicht,Wiegemethode
27.04.24 20:50,Volk 1,Zwirle 1,Zander,Zander flach (159mm),Liebig / Hohenheimer Einfachbeute,Ableger,1,Ableger gebildet aus Startervölkern 3 und 4,Als Ableger gebildet,Weiselzellen; Stifte; Larven; Verdeckelte Brut,,2,2,,,,,,,,,,0.0,,,,1.0,Nein,,,,,,,
19.05.24 20:50,Volk 1,Zwirle 1,Zander,Zander flach (159mm),Liebig / Hohenheimer Einfachbeute,Ableger,1,Ableger gebildet aus Startervölkern 3 und 4,Königin markiert,Königin; Stifte; Larven,,2,2,,,,,,,,,,0.0,,,,1.0,Nein,,,,,,,
04.06.24 20:50,Volk 1,Zwirle 1,Zander,Zander flach (159mm),Liebig / Hohenheimer Einfachbeute,Ableger,1,Ableger gebildet aus Startervölkern 3 und 4,,Stifte; Larven; Verdeckelte Brut,,2,3,,,,,,,,,,1.0,,,,2.0,Nein,,,,,,,
15.06.24 20:50,Volk 1,Zwirle 1,Zander,Zander flach (159mm),Liebig / Hohenheimer Einfachbeute,Ableger,1,Ableger gebildet aus Startervölkern 3 und 4,Wildbad entfernt,Stifte; Larven; Verdeckelte Brut,,,,,,,,,,,,,,,,,,Nein,,,,,,,
22.06.24 20:50,Volk 1,Zwirle 1,Zander,Zander flach (159mm),Liebig / Hohenheimer Einfachbeute,Ableger,1,Ableger gebildet aus Startervölkern 3 und 4,Von zuhause in Wald umgesiedelt ,,,,,,,,,,,,,,,,,,,Nein,,,,,,,
01.07.24 21:00,Volk 1,Zwirle 1,Zander,Zander flach (159mm),Liebig / Hohenheimer Einfachbeute,Ableger,1,Ableger gebildet aus Startervölkern 3 und 4,,Stifte; Larven; Verdeckelte Brut,,4,4,,,,,,,,,,2.0,,,,2.0,Nein,,,,,,,
29.07.24 21:00,Volk 1,Zwirle 1,Zander,Zander flach (159mm),Liebig / Hohenheimer Einfachbeute,Ableger,1,Ableger gebildet aus Startervölkern 3 und 4,,Königin; Stifte; Larven; Verdeckelte Brut,,5,5,,,,,,,,,,2.0,,,,2.0,Nein,,,,,,,
03.08.24 21:00,Volk 1,Zwirle 1,Zander,Zander flach (159mm),Liebig / Hohenheimer Einfachbeute,Ableger,1,Ableger gebildet aus Startervölkern 3 und 4,,,,,,,,,Ameisensäure 60 Bernburg 684 mg/ml Lösung,Nassenheider Verdunster,,,,,,,,,,Nein,,,,,,,
11.09.24 21:00,Volk 1,Zwirle 1,Zander,Zander flach (159mm),Liebig / Hohenheimer Einfachbeute,Ableger,1,Ableger gebildet aus Startervölkern 3 und 4,,,,,,Gemülldiagnose,13,1,,,,,,,,,,,,Nein,,,,,,,
12.09.24 21:00,Volk 1,Zwirle 1,Zander,Zander flach (159mm),Liebig / Hohenheimer Einfachbeute,Ableger,1,Ableger gebildet aus Startervölkern 3 und 4,,,,,,Gemülldiagnose,14,1,,,,,,,,,,,,Nein,,,,,,,
15.09.24 21:10,Volk 1,Zwirle 1,Zander,Zander flach (159mm),Liebig / Hohenheimer Einfachbeute,Ableger,1,Ableger gebildet aus Startervölkern 3 und 4,,,,,,Gemülldiagnose,6,1,,,,,,,,,,,,Nein,,,,,,,
16.09.24 21:10,Volk 1,Zwirle 1,Zander,Zander flach (159mm),Liebig / Hohenheimer Einfachbeute,Ableger,1,Ableger gebildet aus Startervölkern 3 und 4,,,,,,Gemülldiagnose,21,2,,,,,,,,,,,,Nein,,,,,,,
22.09.24 21:00,Volk 1,Zwirle 1,Zander,Zander flach (159mm),Liebig / Hohenheimer Einfachbeute,Ableger,1,Ableger gebildet aus Startervölkern 3 und 4,Ameisensäure von 2. Behandlung entfernt,Verdeckelte Brut,,5,5,Gemülldiagnose,,,,,,,,,2.0,1.0,,,2.0,Nein,,,,,,,
30.09.24 21:10,Volk 1,Zwirle 1,Zander,Zander flach (159mm),Liebig / Hohenheimer Einfachbeute,Ableger,1,Ableger gebildet aus Startervölkern 3 und 4,,,,,,Gemülldiagnose,10,1,,,,,,,,,,,,Nein,,,,,,,
07.10.24 21:10,Volk 1,Zwirle 1,Zander,Zander flach (159mm),Liebig / Hohenheimer Einfachbeute,Ableger,1,Ableger gebildet aus Startervölkern 3 und 4,,,,,,Gemülldiagnose,20,1,,,,,,,,,,,,Nein,,,,,,,
14.12.24 21:10,Volk 1,Zwirle 1,Zander,Zander flach (159mm),Liebig / Hohenheimer Einfachbeute,Ableger,1,Ableger gebildet aus Startervölkern 3 und 4,Volk eher schwächer,,,,,,,,"Oxalsäuredihydrat-Lösung 3,5 % ad us. vet.",,,,,,,,,,,Nein,,,,,,,
26.01.25 12:00,Volk 3,Zwirle 1,Zander,Zander flach (159mm),Liebig / Hohenheimer Einfachbeute,,,,"Aktivität im Volk erkennbar
Nach 2 wärmeren Tagen, relativ viele tote Bienen vor Stock (ca 40)
Vor Stock alles gesäubert und neuen Sand aufgebracht",,,,,,,,,,,,,,,,,,,Nein,,,,,,,
26.01.25 12:00,Volk 2,Zwirle 1,Zander,Zander flach (159mm),Liebig / Hohenheimer Einfachbeute,Wirtschaftsvolk,,,"Aktivität im Volk erkennbar
Nach 2 wärmeren Tagen, relativ viele tote Bienen vor Stock (ca 20-30)
Vor Stock alles gesäubert und neuen Sand aufgebracht",,,,,,,,,,,,,,,,,,,Nein,,,,,,,
26.01.25 12:00,Volk 4,Zwirle 1,Zander,Zander flach (159mm),Liebig / Hohenheimer Einfachbeute,,,,"Aktivität im Volk erkennbar
Nach 2 wärmeren Tagen, relativ viele tote Bienen vor Stock (ca 40)
Vor Stock alles gesäubert und neuen Sand aufgebracht",,,,,,,,,,,,,,,,,,,Nein,,,,,,,
26.01.25 21:10,Volk 1,Zwirle 1,Zander,Zander flach (159mm),Liebig / Hohenheimer Einfachbeute,Ableger,1,Ableger gebildet aus Startervölkern 3 und 4,"Aktivität im Volk erkennbar.
20-30 tote Bienen nach einigen schönen Tagen vor Stock.",,,,,,,,,,,,,,,,,,,Nein,,,,,,,
31.01.25 12:00,Volk 3,Zwirle 1,Zander,Zander flach (159mm),Liebig / Hohenheimer Einfachbeute,,,,,,,,,,,,,,,,,,,,,,,Nein,,,,,,18.9,einseitig
31.01.25 12:00,Volk 2,Zwirle 1,Zander,Zander flach (159mm),Liebig / Hohenheimer Einfachbeute,Wirtschaftsvolk,,,viel Gemüll,,,,,,,,,,,,,,,,,,,Nein,,,,,,18.4,einseitig
31.01.25 12:00,Volk 4,Zwirle 1,Zander,Zander flach (159mm),Liebig / Hohenheimer Einfachbeute,,,,,,,,,,,,,,,,,,,,,,,Nein,,,,,,19.5,einseitig
31.01.25 21:10,Volk 1,Zwirle 1,Zander,Zander flach (159mm),Liebig / Hohenheimer Einfachbeute,Ableger,1,Ableger gebildet aus Startervölkern 3 und 4,"Viel Gemütlichkeit, Windel erneuert",,,,,,,,,,,,,,,,,,,Nein,,,,,,17.0,einseitig
23.02.25 12:00,Volk 3,Zwirle 1,Zander,Zander flach (159mm),Liebig / Hohenheimer Einfachbeute,,,,"viel Gemüll
weniger Flugbetrieb",,,,,,,,,,,,,,,,,,,Nein,,,,,,19.3,einseitig
23.02.25 12:00,Volk 4,Zwirle 1,Zander,Zander flach (159mm),Liebig / Hohenheimer Einfachbeute,,,,"viel Gemüll
viel Flugbetrieb",,,,,,,,,,,,,,,,,,,Nein,,,,,,19.7,einseitig
23.02.25 12:00,Volk 2,Zwirle 1,Zander,Zander flach (159mm),Liebig / Hohenheimer Einfachbeute,Wirtschaftsvolk,,,"viel Gemüll
weniger Flugbetrieb",,,,,,,,,,,,,,,,,,,Nein,,,,,,18.5,einseitig
23.02.25 21:10,Volk 1,Zwirle 1,Zander,Zander flach (159mm),Liebig / Hohenheimer Einfachbeute,Ableger,1,Ableger gebildet aus Startervölkern 3 und 4,"Viel Gemüll
Windel erneuert
Viel Flugbetrieb
",,,,,,,,,,,,,,,,,,,Nein,,,,,,18.0,einseitig
24.02.25 12:00,Volk 4,Zwirle 1,Zander,Zander flach (159mm),Liebig / Hohenheimer Einfachbeute,,,,Gemüll ok,,,,,,,,,,,,,,,,,,,Nein,,,,,,19.27,einseitig
24.02.25 12:00,Volk 2,Zwirle 1,Zander,Zander flach (159mm),Liebig / Hohenheimer Einfachbeute,Wirtschaftsvolk,,,Gemüll ok,,,,,,,,,,,,,,,,,,,Nein,,,,,,18.76,einseitig
24.02.25 21:20,Volk 1,Zwirle 1,Zander,Zander flach (159mm),Liebig / Hohenheimer Einfachbeute,Ableger,1,Ableger gebildet aus Startervölkern 3 und 4,Gemütlichkeit ok,,,,,,,,,,,,,,,,,,,Nein,,,,,,18.06,einseitig
24.02.25 23:00,Volk 3,Zwirle 1,Zander,Zander flach (159mm),Liebig / Hohenheimer Einfachbeute,,,,Gemüll relativ wenig,,,,,,,,,,,,,,,,,,,Nein,,,,,,19.24,einseitig
27.02.25 12:00,Volk 3,Zwirle 1,Zander,Zander flach (159mm),Liebig / Hohenheimer Einfachbeute,,,,,,,,,,,,,,,,,,,,,,,Nein,,,,,,18.0,einseitig
27.02.25 12:00,Volk 4,Zwirle 1,Zander,Zander flach (159mm),Liebig / Hohenheimer Einfachbeute,,,,,,,,,,,,,,,,,,,,,,,Nein,,,,,,19.8,einseitig
27.02.25 12:00,Volk 2,Zwirle 1,Zander,Zander flach (159mm),Liebig / Hohenheimer Einfachbeute,Wirtschaftsvolk,,,,,,,,,,,,,,,,,,,,,,Nein,,,,,,18.1,einseitig
27.02.25 21:20,Volk 1,Zwirle 1,Zander,Zander flach (159mm),Liebig / Hohenheimer Einfachbeute,Ableger,1,Ableger gebildet aus Startervölkern 3 und 4,,,,,,,,,,,,,,,,,,,,Nein,,,,,,17.5,einseitig
04.03.25 12:00,Volk 3,Zwirle 1,Zander,Zander flach (159mm),Liebig / Hohenheimer Einfachbeute,,,,"wenig Gemüll
4 Wabengassen besetzt
starker Polleneintrag",,,,,,,,,,,,,,,,,,,Nein,,,,,,18.5,einseitig
04.03.25 12:00,Volk 4,Zwirle 1,Zander,Zander flach (159mm),Liebig / Hohenheimer Einfachbeute,,,,"Wenig Gemüll
4 Wabengassen belegt
starker Polleneintrag",,,,,,,,,,,,,,,,,,,Nein,,,,,,19.0,einseitig
04.03.25 12:00,Volk 2,Zwirle 1,Zander,Zander flach (159mm),Liebig / Hohenheimer Einfachbeute,Wirtschaftsvolk,,,"Viel Gemüll
Flugloch vergrößert
starker Polleneintrag",,,,,,,,,,,,,,,,,,,Nein,,,,,,18.3,einseitig
04.03.25 21:20,Volk 1,Zwirle 1,Zander,Zander flach (159mm),Liebig / Hohenheimer Einfachbeute,Ableger,1,Ableger gebildet aus Startervölkern 3 und 4,"Viel Gemüll
Windel gereinigt
Flugloch vergrößert, starker Polleneintrag",,,,,,,,,,,,,,,,,,,Nein,,,,,,17.4,einseitig
09.03.25 12:00,Volk 4,Zwirle 1,Zander,Zander flach (159mm),Liebig / Hohenheimer Einfachbeute,,,,,Stifte; Larven; Verdeckelte Brut,,,,,,,,,,,,,,,,,2.0,Nein,,,,,,18.4,einseitig
09.03.25 12:00,Volk 3,Zwirle 1,Zander,Zander flach (159mm),Liebig / Hohenheimer Einfachbeute,,,,Flugloch vergrößert,,,,,,,,,,,,,,,,,,2.0,Nein,,,,,,17.8,einseitig
09.03.25 12:00,Volk 2,Zwirle 1,Zander,Zander flach (159mm),Liebig / Hohenheimer Einfachbeute,Wirtschaftsvolk,,,,Stifte; Verdeckelte Brut; Larven,,,,,,,,,,,,,,,,,2.0,Nein,,,,,,17.8,einseitig
09.03.25 21:20,Volk 1,Zwirle 1,Zander,Zander flach (159mm),Liebig / Hohenheimer Einfachbeute,Ableger,1,Ableger gebildet aus Startervölkern 3 und 4,Boden sauber ohne Tote Bienen,Stifte; Larven; Verdeckelte Brut,,,,,,,,,,,,,2.0,,,,2.0,Nein,,,,,,17.1,einseitig
22.03.25 12:00,Volk 3,Zwirle 1,Zander,Zander flach (159mm),Liebig / Hohenheimer Einfachbeute,,,,"gut Gemüll
geschätzt 4-5 Wabengassen belegt
Windel nass",,,,,,,,,,,,,,,,,,,Nein,,,,,,17.5,einseitig
22.03.25 12:00,Volk 4,Zwirle 1,Zander,Zander flach (159mm),Liebig / Hohenheimer Einfachbeute,,,,"gut Gemüll
geschätzt 4-5 Wabengassen belegt",,,,,,,,,,,,,,,,,,,Nein,,,,,,18.0,einseitig
22.03.25 12:00,Volk 2,Zwirle 1,Zander,Zander flach (159mm),Liebig / Hohenheimer Einfachbeute,Wirtschaftsvolk,,,"Viel Gemüll
geschätzt 7 Wabengassen belegt",,,,,,,,,,,,,,,,,,,Nein,,,,,,17.7,einseitig
22.03.25 21:20,Volk 1,Zwirle 1,Zander,Zander flach (159mm),Liebig / Hohenheimer Einfachbeute,Ableger,1,Ableger gebildet aus Startervölkern 3 und 4,viel Gemüll,Stifte; Larven; Verdeckelte Brut,,,6,,,,,,,,,,,,,,,Nein,,,,,,18.0,einseitig
05.04.25 12:00,Volk 3,Zwirle 1,Zander,Zander flach (159mm),Liebig / Hohenheimer Einfachbeute,,,,"frischer Nektar eingetragen
Ameisen im Windelschieber",Stifte; Larven; Verdeckelte Brut,,,,,,,,,,,,,,,,,1.0,Nein,,,,,,16.6,einseitig
05.04.25 12:00,Volk 2,Zwirle 1,Zander,Zander flach (159mm),Liebig / Hohenheimer Einfachbeute,Wirtschaftsvolk,,,frischer Nektar eingetragen,Stifte; Larven; Verdeckelte Brut,,,,,,,,,,,,,,,,,1.0,Nein,,,,,,17.2,einseitig
05.04.25 12:00,Volk 4,Zwirle 1,Zander,Zander flach (159mm),Liebig / Hohenheimer Einfachbeute,,,,"Drohnenrahmen gut ausgebaut - teils verdeckelt
1 Futterwabe entnommen
Flugkeil vergrößert
Ameisen im Windelschieber",Stifte; Larven; Verdeckelte Brut; Königin,,,,,,,,,,,,,,,,,2.0,Nein,,,,,,16.8,einseitig
05.04.25 21:20,Volk 1,Zwirle 1,Zander,Zander flach (159mm),Liebig / Hohenheimer Einfachbeute,Ableger,1,Ableger gebildet aus Startervölkern 3 und 4,"Windel gereinigt
Futterwabe entnommen
Futterwaben nach außen und Leerewaben zur Mitte geschoben.",Stifte; Larven; Verdeckelte Brut; Weiselzellen,3,3,8,,,,,,,,,,2.0,,2.0,,2.0,Nein,,,,,,16.6,einseitig
14.04.25 12:00,Volk 4,Zwirle 1,Zander,Zander flach (159mm),Liebig / Hohenheimer Einfachbeute,,,,"Drohnenrahmen in unterer Brutzarge eingesetzt
Honigraum angenommen
Viel Gemüll
Kirsche, Birne, Zwetschge blühen - Raps beginnt zu blühen
Mittags wurde Raps gespritzt",Stifte; Larven; Verdeckelte Brut,,,,,,,,,,,,,,,,,2.0,Nein,,,,,,,
14.04.25 12:00,Volk 3,Zwirle 1,Zander,Zander flach (159mm),Liebig / Hohenheimer Einfachbeute,,,,"
Drohnenrahmen in unterer Brutzarge eingesetzt
Honigraum ungenutzt
Viel Gemüll
Kirsche, Birne, Zwetschge blühen - Raps beginnt zu blühen
Mittags wurde Raps gespritzt",Stifte; Larven; Verdeckelte Brut,,,,,,,,,,,,,,,,,2.0,Nein,,,,,,,
14.04.25 12:00,Volk 2,Zwirle 1,Zander,Zander flach (159mm),Liebig / Hohenheimer Einfachbeute,Wirtschaftsvolk,,,"Drohnenrahmen in unterer Brutzarge eingesetzt
Honigraum ungenutzt
Viel Gemüll
Kirsche, Birne, Zwetschge blühen - Raps beginnt zu blühen
Mittags wurde Raps gespritzt",Stifte; Larven; Verdeckelte Brut,,,,,,,,,,,,,,,,,2.0,Nein,,,,,,,
14.04.25 21:40,Volk 1,Zwirle 1,Zander,Zander flach (159mm),Liebig / Hohenheimer Einfachbeute,Ableger,1,Ableger gebildet aus Startervölkern 3 und 4,"Eine Futterwabe für Drohnenrahmen entnommen
Nur auslaufende Brut
Bis auf eine Weiselzelle alle zerstört
",Verdeckelte Brut; Weiselzellen,,2,6,,,,,,,,,,1.0,,,,2.0,Nein,,,,,,,
19.04.25 12:00,Volk 1,Zwirle 1,Zander,Zander flach (159mm),Liebig / Hohenheimer Einfachbeute,Ableger,1,Ableger gebildet aus Startervölkern 3 und 4,"nicht reingeschaut
Apfelbaum im Garten beginnt zu blühen",,,,,,,,,,,,,,,,,,,Nein,,,,,,,
19.04.25 12:00,Volk 2,Zwirle 1,Zander,Zander flach (159mm),Liebig / Hohenheimer Einfachbeute,Wirtschaftsvolk,,,"Drohnenrahmen von unterem Brutraum in oberen Brutraum gesetzt
Honigraum nicht angenommen
Apfelbaum im Garten beginnt zu blühen",Stifte; Larven; Verdeckelte Brut,,,,,,,,,,,,,,,,,2.0,Nein,,,,,,,
19.04.25 12:00,Volk 4,Zwirle 1,Zander,Zander flach (159mm),Liebig / Hohenheimer Einfachbeute,,,,"Drohnenrahmen von unterer Brutzarge in obere gesetzt
Honigraum wenig angenommen
Apfelbaum im Garten beginnt zu blühen",Stifte; Larven; Verdeckelte Brut; Königin,,,,,,,,,,,,,,,,,,Nein,,,,,,,
19.04.25 12:00,Volk 3,Zwirle 1,Zander,Zander flach (159mm),Liebig / Hohenheimer Einfachbeute,,,,"Drohnenrahmen von unterem Brutraum in oberen gesetzt
Honigraum nicht angenommen
Apfelbaum beginnt zu blühen",Stifte; Larven; Verdeckelte Brut,,,,,,,,,,,,,,,,,2.0,Nein,,,,,,,
27.04.25 12:00,Volk 4,Zwirle 1,Zander,Zander flach (159mm),Liebig / Hohenheimer Einfachbeute,,,,"Brutwabe für Volk 1 entnommen
luftdurchlässige Folie über Honigraum eingesetzt, da sehr viel Feuchtigkeit im Stock",Stifte; Larven; Verdeckelte Brut,,,,,,,,,Drohnenbrutschneiden,,,,,,,,3.0,Nein,,,,,,,
27.04.25 12:00,Volk 2,Zwirle 1,Zander,Zander flach (159mm),Liebig / Hohenheimer Einfachbeute,Wirtschaftsvolk,,,"2. Halbzarge aufgesetzt
luftdurchlässige Folie über Honigraum, da sehr viel Feuchtigkeit im Stock",Stifte; Larven; Verdeckelte Brut,,,,,,,,,Drohnenbrutschneiden,,,,,,,,2.0,Nein,,,,,,,
27.04.25 12:00,Volk 3,Zwirle 1,Zander,Zander flach (159mm),Liebig / Hohenheimer Einfachbeute,,,,"Viel Honig in beiden Brutzargen
Honigraum leicht angenommen
luftdurchlässige Folie über Honigraum, da viel Feuchtigkeit im Stock",Stifte; Larven; Verdeckelte Brut,,,,,,,,,Drohnenbrutschneiden,,,,,,,,3.0,Nein,,,,,,,
27.04.25 21:30,Volk 1,Zwirle 1,Zander,Zander flach (159mm),Liebig / Hohenheimer Einfachbeute,Ableger,1,Ableger gebildet aus Startervölkern 3 und 4,"Keine frische Brut
Brutwabe aus Volk 4 als Weiselprobe gegeben
Drohnenrahmen leer
Honigraum nicht angenommen - entfernt 
Absperrgitter zwischen oberer und unterer Vollzarge eingesetzt
Sehr viel Feuchtigkeit im Stock - luftdurchlässige Abdeckung eingesetzt",,,,5,,,,,,,,,,1.0,,,,2.0,Nein,,,,,,,
03.05.25 12:00,Volk 2,Zwirle 1,Zander,Zander flach (159mm),Liebig / Hohenheimer Einfachbeute,Wirtschaftsvolk,,,"Nur Kippkontrolle
Spielnäpfchen entfernt
Drohnenrahmen gut ausgebaut
Honigraum gut angenommen",Stifte; Larven; Verdeckelte Brut,,,,,,,,,,,,,,,,,,Nein,,,,,,,
03.05.25 12:00,Volk 4,Zwirle 1,Zander,Zander flach (159mm),Liebig / Hohenheimer Einfachbeute,,,,"Brutwabe mit Weiselzelle für Ableger 6 entnommen
Weiselzellen zerstört
Drohnenrahmen gut ausgebaut, nicht geschnitten
Honigraum ok",Stifte; Larven; Verdeckelte Brut; Weiselzellen,,,,,,,,,,,,,,,,,2.0,Nein,,,,,,,
03.05.25 12:00,Volk 6,Zwirle 1,Zander,Zander flach (159mm),Liebig / Hohenheimer Einfachbeute,,,,"Ableger mit 1 Futter- und 1 Brutwabe aus Volk 4 gebildet
Volk nach Hause genommen",,,,,,,,,,,,,,,,,,,Nein,,,,,,,
03.05.25 12:00,Volk 3,Zwirle 1,Zander,Zander flach (159mm),Liebig / Hohenheimer Einfachbeute,,,,"Sehr viel Honig in Brutraum2
2 Brutwaben für Ableger 5 ohne Weiselzelle entnommen
Weiselzellen entfernt
Drohnenrahmen gut ausgebaut
Honigraum wenig eingelagert
Honigwaben in 1. Brutraum umgesetzt, in der Hoffnung, dass Brut in Brutraum 2 ""verlagert"" wird",Stifte; Larven; Verdeckelte Brut; Weiselzellen,,,,,,,,,,,,,,,,,3.0,Nein,,,,,,,
03.05.25 13:00,Volk 5,Zwirle 1,Zander,Zander flach (159mm),Liebig / Hohenheimer Einfachbeute,,,,"1 Futterwabe und 2 Brutwaben aus Volk genommen und Ableger gebildet
Volk mit nach Hause genommen",,,,,,,,,,,,,,,,,,,Nein,,,,,,,
11.05.25 12:00,Volk 4,Zwirle 1,Zander,Zander flach (159mm),Liebig / Hohenheimer Einfachbeute,,,,"Königin für Königinnenableger - Ableger 8 - entnommen
1 Futter- und 1 Brutwabe für Ableger 8 entnommen
Honigraum gut
Weiselzellen bis auf 2 zerstört",Königin; Stifte; Larven; Verdeckelte Brut; Weiselzellen,,,,,,,,,,,,,,,,,2.0,Nein,,,,,,,
11.05.25 12:00,Volk 2,Zwirle 1,Zander,Zander flach (159mm),Liebig / Hohenheimer Einfachbeute,Wirtschaftsvolk,,,"Viel Honigwaben in 2. Brutraum
1 Futterwabe für Ableger 7 entnommen
1 Brutwabe mit Weiselzelle für Ableger 7 entnommen
Honigraum 50%
Schieber entnommen, da unter Deckel nass und schimmelig",Stifte; Larven; Verdeckelte Brut; Weiselzellen,,,,,,,,,Drohnenbrutschneiden,,,,2.0,,,,2.0,Nein,,,,,,,
11.05.25 12:00,Volk 3,Zwirle 1,Zander,Zander flach (159mm),Liebig / Hohenheimer Einfachbeute,,,,"Viel Honigwaben in 2. Brutraum
Weiselzellen zerstört
Honigraum eher schwach eingetragen",Stifte; Larven; Verdeckelte Brut; Weiselzellen,,,,,,,,,Drohnenbrutschneiden,,,,,,,,,Nein,,,,,,,
11.05.25 12:00,Volk 7,Zwirle 1,Zander,Zander flach (159mm),Liebig / Hohenheimer Einfachbeute,,,,Ableger 7 mit Futter- und Brutwabe gebildet und nach Hause genommen,,,,,,,,,,,,,,,,,,,Nein,,,,,,,
11.05.25 12:00,Volk 8,Zwirle 1,Zander,Zander flach (159mm),Liebig / Hohenheimer Einfachbeute,,,,Ableger 8 mit Futter- und Brutwabe aus Volk 4 gebildet - Königinnenableger,,,,,,,,,,,,,,,,,,,Nein,,,,,,,
17.05.25 12:00,Volk 2,Zwirle 1,Zander,Zander flach (159mm),Liebig / Hohenheimer Einfachbeute,Wirtschaftsvolk,,,"Weiselzellen zerstört
Honigraum ca 20%
unter Deckel schimmelig - Schieber entfernt",Stifte; Larven; Verdeckelte Brut; Weiselzellen,,,,,,,,,,,,,,,,,2.0,Nein,,,,,,,
17.05.25 12:00,Volk 8,Zwirle 1,Zander,Zander flach (159mm),Liebig / Hohenheimer Einfachbeute,,,,"vor 1 Woche dieses Volk mit Königinnenableger gebildet
wenig Brut",Stifte; Larven; Verdeckelte Brut,,,,,,,,,,,,,0.0,,,,2.0,Nein,,,,,,,
17.05.25 12:00,Volk 3,Zwirle 1,Zander,Zander flach (159mm),Liebig / Hohenheimer Einfachbeute,,,,"Honigraum max 20%
Weiselzellen zerstört
Unter Deckel schimmelig - Schieber entfernt",Stifte; Larven; Verdeckelte Brut; Weiselzellen,,,,,,,,,,,,,,,,,2.0,Nein,,,,,,,
17.05.25 13:00,Volk 4,Zwirle 1,Zander,Zander flach (159mm),Liebig / Hohenheimer Einfachbeute,,,,"4 Weiselzellen gelassen verdeckelt vorhanden
Honigraum wenig eingetragen
unter Deckel schimmelig - Schieber entfernt",Verdeckelte Brut; Weiselzellen,,,,,,,,,,,,,,,,,2.0,Nein,,,,,,,
17.05.25 21:40,Volk 1,Zwirle 1,Zander,Zander flach (159mm),Liebig / Hohenheimer Einfachbeute,Ableger,1,Ableger gebildet aus Startervölkern 3 und 4,Honigraum Halbzarge gegeben da voll,Stifte; Larven; Verdeckelte Brut,,2,5,,,,,,,,,,,,,,,Nein,,,,,,,
24.05.25 12:00,Volk 8,Zwirle 1,Zander,Zander flach (159mm),Liebig / Hohenheimer Einfachbeute,,,,"Königin ohne Kennzeichnung gesehen...
Alte Marke verloren, oder still umgeweiselt?
wenig Brut und Eier",Königin; Stifte; Larven; Verdeckelte Brut,,,,,,,,,,,,,,,,,,Nein,,,,,,,
24.05.25 12:00,Volk 6,Zwirle 1,Zander,Zander flach (159mm),Liebig / Hohenheimer Einfachbeute,,,,"Königin gekennzeichnet
Volk auf 2 Futterwaben und 4 Brutwaben",Königin,,,,,,,,,,,,,,,,,1.0,Nein,,,,,,,
24.05.25 12:00,Volk 3,Zwirle 1,Zander,Zander flach (159mm),Liebig / Hohenheimer Einfachbeute,,,,Honigraum Halbzarge,,,,,,,,,,,,,,,,,,,Ja,5,,Frühtracht,,,,
24.05.25 12:00,Volk 5,Zwirle 1,Zander,Zander flach (159mm),Liebig / Hohenheimer Einfachbeute,,,,"Königin gekennzeichnet
Volk auf 2 Futterwaben und 5 Brutwaben",Königin; Stifte,,,,,,,,,,,,,,,,,,Nein,,,,,,,
24.05.25 12:00,Volk 4,Zwirle 1,Zander,Zander flach (159mm),Liebig / Hohenheimer Einfachbeute,,,,,,,,,,,,,,,,,,,,,,,Ja,5,,Frühtracht,,,,
24.05.25 12:00,Volk 2,Zwirle 1,Zander,Zander flach (159mm),Liebig / Hohenheimer Einfachbeute,Wirtschaftsvolk,,,"Honigraum Halbzarge
Brutraum 1 und 2 getauscht, da extrem viel Honig im Brutraum",,,,,,,,,,,,,,,,,,,Ja,7,,Frühtracht,,,,
24.05.25 21:40,Volk 1,Zwirle 1,Zander,Zander flach (159mm),Liebig / Hohenheimer Einfachbeute,Ableger,1,Ableger gebildet aus Startervölkern 3 und 4,,,,,,,,,,,,,,,,,,,,Ja,7,,Frühtracht,,,,
30.05.25 12:00,Volk 4,Zwirle 1,Zander,Zander flach (159mm),Liebig / Hohenheimer Einfachbeute,,,,"keine Königin gesehen
keine Brut
offene Weiselzellen
Honig auch in Drohnenrahmen mit eingelagert",Weiselzellen,,,,,,,,,Drohnenbrutschneiden,,,,,,,,2.0,Nein,,,,,,,
30.05.25 12:00,Volk 3,Zwirle 1,Zander,Zander flach (159mm),Liebig / Hohenheimer Einfachbeute,,,,Absperrgitter drin,Stifte; Verdeckelte Brut,,,,,,,,,,,,,,,,,2.0,Nein,,,,,,,
30.05.25 12:00,Volk 8,Zwirle 1,Zander,Zander flach (159mm),Liebig / Hohenheimer Einfachbeute,,,,Volk auf 4 Rähmchen,Stifte; Larven; Verdeckelte Brut,,,,,,,,,,,,,,,,,1.0,Nein,,,,,,,
30.05.25 12:00,Volk 2,Zwirle 1,Zander,Zander flach (159mm),Liebig / Hohenheimer Einfachbeute,Wirtschaftsvolk,,,"keine frische Brut
Königin nicht gesehen
Weiselzelle gelassen
Absperrgitter drin",Verdeckelte Brut; Weiselzellen,,,,,,,,,,,,,,,,,2.0,Nein,,,,,,,
30.05.25 21:50,Volk 1,Zwirle 1,Zander,Zander flach (159mm),Liebig / Hohenheimer Einfachbeute,Ableger,1,Ableger gebildet aus Startervölkern 3 und 4,,Stifte; Larven; Verdeckelte Brut,,8,10,,,,,,Drohnenbrutschneiden,,,,2.0,,,,2.0,Nein,,,,,,,
06.06.25 12:00,Volk 3,Zwirle 1,Zander,Zander flach (159mm),Liebig / Hohenheimer Einfachbeute,,,,keine Königin und keine Brut gesehen,,,,,,,,,,,,,,,,,,2.0,Nein,,,,,,,
06.06.25 12:00,Volk 6,Zwirle 1,Zander,Zander flach (159mm),Liebig / Hohenheimer Einfachbeute,,,,"Königin gezeichnet
Volk jetzt auf 6 Rähmchen
Windelschieber raus",Königin; Stifte; Larven; Verdeckelte Brut,,,,,,,,,,,,,,,,,1.0,Nein,,,,,,,
06.06.25 12:00,Volk 8,Zwirle 1,Zander,Zander flach (159mm),Liebig / Hohenheimer Einfachbeute,,,,Volk jetzt auf 5 Rähmchen,Stifte; Larven; Verdeckelte Brut,,,,,,,,,,,,,,,,,1.0,Nein,,,,,,,
06.06.25 12:00,Volk 7,Zwirle 1,Zander,Zander flach (159mm),Liebig / Hohenheimer Einfachbeute,,,,"Volk jetzt auf 4 Rähmchen
Windelschieber raus",Stifte,,,,,,,,,,,,,,,,,1.0,Nein,,,,,,,
06.06.25 12:00,Volk 5,Zwirle 1,Zander,Zander flach (159mm),Liebig / Hohenheimer Einfachbeute,,,,"Volk jetzt auf 8 Rähmchen
Windelschieber raus",Königin; Stifte; Larven; Verdeckelte Brut,,,,,,,,,,,,,,,,,1.0,Nein,,,,,,,
06.06.25 21:50,Volk 1,Zwirle 1,Zander,Zander flach (159mm),Liebig / Hohenheimer Einfachbeute,Ableger,1,Ableger gebildet aus Startervölkern 3 und 4,2 Brutwaben für Volk4 entnommen,Stifte; Larven; Verdeckelte Brut,,8,10,,,,,,,,,,2.0,,,,2.0,Nein,,,,,,,
06.06.25 22:30,Volk 4,Zwirle 1,Zander,Zander flach (159mm),Liebig / Hohenheimer Einfachbeute,,,,keine Königin und keine Brut gesehen,,,,,,,,,,,,,,,,,,2.0,Nein,,,,,,,
13.06.25 12:00,Volk 3,Zwirle 1,Zander,Zander flach (159mm),Liebig / Hohenheimer Einfachbeute,,,,"Königin gezeichnet
Futterrahmen für Zuchtvolk entnommen",Stifte; Königin,,,,,,,,,,,,,,,,,,Nein,,,,,,,
13.06.25 12:00,Volk 8,Zwirle 1,Zander,Zander flach (159mm),Liebig / Hohenheimer Einfachbeute,,,,Volk auf 6 Rähmchen,Stifte; Larven; Verdeckelte Brut,,,,,,,,,,,,,,,,,1.0,Nein,,,,,,,
13.06.25 12:00,Volk 9,Zwirle 1,Zander,Zander flach (159mm),Liebig / Hohenheimer Einfachbeute,,,,"Futterwabe aus Volk 3
Brutwabe aus Volk 1
Zuchtstoff von Belegstelle",,,,,,,,,,,,,,,,,,,Nein,,,,,,,
13.06.25 12:00,Volk 5,Zwirle 1,Zander,Zander flach (159mm),Liebig / Hohenheimer Einfachbeute,,,,Volk jetzt auf 10 Waben und in Wald gebracht,Stifte; Larven; Verdeckelte Brut,,,,,,,,,,,,,,,,,,Nein,,,,,,,
13.06.25 12:00,Volk 2,Zwirle 1,Zander,Zander flach (159mm),Liebig / Hohenheimer Einfachbeute,Wirtschaftsvolk,,,Königin gezeichnet,Stifte; Königin,,,,,,,,,,,,,,,,,1.0,Nein,,,,,,,
13.06.25 21:50,Volk 1,Zwirle 1,Zander,Zander flach (159mm),Liebig / Hohenheimer Einfachbeute,Ableger,1,Ableger gebildet aus Startervölkern 3 und 4,1 Brutrahmen für Zuchtvolk entnommen,Stifte; Larven; Verdeckelte Brut,,7,10,,,,,,Drohnenbrutschneiden,,,,2.0,,,,2.0,Nein,,,,,,,
22.06.25 12:00,Volk 9,Zwirle 1,Zander,Zander flach (159mm),Liebig / Hohenheimer Einfachbeute,,,,"noch relativ viel ungeschlüpfte Brut
4 Weiselzellen angenommen - leider aber beim Freischneiden eine Zelle zerstört...",,,,,,,,,,,,,,,,,,,Nein,,,,,,,
25.06.25 12:00,Volk 7,Zwirle 1,Zander,Zander flach (159mm),Liebig / Hohenheimer Einfachbeute,,,,"Volk drohnenbrütig
aufgelöst und mit Königin und Brutwabe neu gestartet",,,,,,,,,,,,,,,,,,,Nein,,,,,,,
25.06.25 12:00,Volk 9,Zwirle 1,Zander,Zander flach (159mm),Liebig / Hohenheimer Einfachbeute,,,,"9c
Volk mit Königin von Zuchtlatte gestartet",,,,,,,,,,,,,,,,,,,Nein,,,,,,,
25.06.25 12:00,Volk 10,Zwirle 1,Zander,Zander flach (159mm),Liebig / Hohenheimer Einfachbeute,,,,Volk mit Königin von Zuchtlatte und Brutwabe gestartet,,,,,,,,,,,,,,,,,,,Nein,,,,,,,
25.06.25 12:00,Volk 6,Zwirle 1,Zander,Zander flach (159mm),Liebig / Hohenheimer Einfachbeute,,,,,Stifte; Larven; Verdeckelte Brut,,,,,,,,,,,,,,,,,,Nein,,,,,,,
25.06.25 12:00,Volk 5,Zwirle 1,Zander,Zander flach (159mm),Liebig / Hohenheimer Einfachbeute,,,,,,,,,,,,,,,,,,,,,,,Nein,,,,,,,
25.06.25 21:50,Volk 1,Zwirle 1,Zander,Zander flach (159mm),Liebig / Hohenheimer Einfachbeute,Ableger,1,Ableger gebildet aus Startervölkern 3 und 4,Brutwabe für Ableger mit Zuchtstoff entnommen,,,,,,,,,,,,,,,,,,,Nein,,,,,,,
26.06.25 12:00,Volk 3,Zwirle 1,Zander,Zander flach (159mm),Liebig / Hohenheimer Einfachbeute,,,,"Honigzarge ziemlich voll.
Zarge mit Gläsern aufgesetzt",Stifte; Königin; Larven; Verdeckelte Brut,,,,,,,,,,,,,,,,,2.0,Nein,,,,,,,
26.06.25 12:00,Volk 4,Zwirle 1,Zander,Zander flach (159mm),Liebig / Hohenheimer Einfachbeute,,,,Honigzarge relativ gut,Stifte; Larven; Verdeckelte Brut,,,,,,,,,,,,,,,,,2.0,Nein,,,,,,,
26.06.25 12:00,Volk 2,Zwirle 1,Zander,Zander flach (159mm),Liebig / Hohenheimer Einfachbeute,Wirtschaftsvolk,,,wenig Honig eingelagert,Stifte; Larven; Verdeckelte Brut,,,,,,,,,,,,,,,,,2.0,Nein,,,,,,,
26.06.25 12:00,Volk 8,Zwirle 1,Zander,Zander flach (159mm),Liebig / Hohenheimer Einfachbeute,,,,Zarge auf 7 Rähmchen ergänzt,Stifte; Larven; Verdeckelte Brut,,,,,,,,,,,,,,,,,1.0,Nein,,,,,,,
26.06.25 21:50,Volk 1,Zwirle 1,Zander,Zander flach (159mm),Liebig / Hohenheimer Einfachbeute,Ableger,1,Ableger gebildet aus Startervölkern 3 und 4,"Honigraum Halbzarge unter Vollzarge gesetzt, da Vollzarge sehr voll",Stifte; Larven; Verdeckelte Brut,,5,8,,,,,,Drohnenbrutschneiden,,,,,,,,,Nein,,,,,,,
06.07.25 12:00,Volk 4,Zwirle 1,Zander,Zander flach (159mm),Liebig / Hohenheimer Einfachbeute,,,,Honigraum relativ schwer,Stifte; Larven; Verdeckelte Brut,,,,,,,,,Drohnenbrutschneiden,,,,,,,,1.0,Nein,,,,,,,
06.07.25 12:00,Volk 5,Zwirle 1,Zander,Zander flach (159mm),Liebig / Hohenheimer Einfachbeute,,,,"2. Zarge aufgesetzt
Voll besetzt mit Rähmchen",Stifte; Larven; Verdeckelte Brut,,,,,,,,,,,,,,,,,2.0,Nein,,,,,,,
06.07.25 12:00,Volk 7,Zwirle 1,Zander,Zander flach (159mm),Liebig / Hohenheimer Einfachbeute,,,,Viele junge Bienen,Stifte,,,,,,,,,,,,,,,,,1.0,Nein,,,,,,,
06.07.25 12:00,Volk 8,Zwirle 1,Zander,Zander flach (159mm),Liebig / Hohenheimer Einfachbeute,,,,mit Rähmchen aufgefüllt,Stifte; Larven; Verdeckelte Brut,,,,,,,,,,,,,,,,,1.0,Nein,,,,,,,
06.07.25 12:00,Volk 3,Zwirle 1,Zander,Zander flach (159mm),Liebig / Hohenheimer Einfachbeute,,,,"Honigraum schwer
Gläser im Honigraum nicht angenommen",Stifte; Larven; Verdeckelte Brut,,,,,,,,,Drohnenbrutschneiden,,,,,,,,1.0,Nein,,,,,,,
06.07.25 12:00,Volk 6,Zwirle 1,Zander,Zander flach (159mm),Liebig / Hohenheimer Einfachbeute,,,,"3,5 Rähmchen noch kaum besetzt",Stifte; Larven; Verdeckelte Brut; Königin,,,,,,,,,,,,,,,,,1.0,Nein,,,,,,,
06.07.25 12:00,Volk 9,Zwirle 1,Zander,Zander flach (159mm),Liebig / Hohenheimer Einfachbeute,,,,"noch etwas verdeckelte Brut
9c",Stifte,,,,,,,,,,,,,,,,,1.0,Nein,,,,,,,
06.07.25 12:00,Volk 10,Zwirle 1,Zander,Zander flach (159mm),Liebig / Hohenheimer Einfachbeute,,,,9a,Stifte; Königin,,,,,,,,,,,,,,,,,1.0,Nein,,,,,,,
06.07.25 12:00,Volk 2,Zwirle 1,Zander,Zander flach (159mm),Liebig / Hohenheimer Einfachbeute,Wirtschaftsvolk,,,Honigraum so gut wie leer,Stifte; Larven; Verdeckelte Brut,,,,,,,,,,,,,,,,,2.0,Nein,,,,,,,
06.07.25 22:00,Volk 1,Zwirle 1,Zander,Zander flach (159mm),Liebig / Hohenheimer Einfachbeute,Ableger,1,Ableger gebildet aus Startervölkern 3 und 4,Honigraum schwer,Stifte; Larven; Verdeckelte Brut,,,,,,,,,Drohnenbrutschneiden,,,,2.0,,,,1.0,Nein,,,,,,,
20.07.25 12:00,Volk 2,Zwirle 1,Zander,Zander flach (159mm),Liebig / Hohenheimer Einfachbeute,Wirtschaftsvolk,,,,Stifte; Larven; Verdeckelte Brut,,,,,,,,,,,,,1.0,,,,2.0,Ja,,,,,,,
20.07.25 12:00,Volk 5,Zwirle 1,Zander,Zander flach (159mm),Liebig / Hohenheimer Einfachbeute,,,,,Stifte; Larven; Verdeckelte Brut,,,,,,,,,,,,,2.0,,,,2.0,Nein,,,,,,,
20.07.25 12:00,Volk 10,Zwirle 1,Zander,Zander flach (159mm),Liebig / Hohenheimer Einfachbeute,,,,Volk von Legoland Drachenburg geholt,,,,,,,,,,,,,,,,,,,Nein,,,,,,,
20.07.25 12:00,Volk 7,Zwirle 1,Zander,Zander flach (159mm),Liebig / Hohenheimer Einfachbeute,,,,,Stifte; Larven; Verdeckelte Brut,,,,,,,,,,,,,0.0,,,,,Nein,,,,,,,
20.07.25 12:00,Volk 6,Zwirle 1,Zander,Zander flach (159mm),Liebig / Hohenheimer Einfachbeute,,,,,Stifte; Larven; Verdeckelte Brut,,,,,,,,,,,,,0.0,,,,,Nein,,,,,,,
20.07.25 12:00,Volk 3,Zwirle 1,Zander,Zander flach (159mm),Liebig / Hohenheimer Einfachbeute,,,,geschleuderte Zargen zum Putzen aufgesetzt,Stifte; Larven; Verdeckelte Brut,,,,,,,,,,,,,2.0,,,,2.0,Ja,,,,,,,
20.07.25 12:00,Volk 4,Zwirle 1,Zander,Zander flach (159mm),Liebig / Hohenheimer Einfachbeute,,,,,Stifte; Larven; Verdeckelte Brut,,,,,,,,,,,,,2.0,,,,2.0,Ja,,,,,,,
20.07.25 12:00,Volk 8,Zwirle 1,Zander,Zander flach (159mm),Liebig / Hohenheimer Einfachbeute,,,,,Stifte; Larven; Verdeckelte Brut,,,,,,,,,,,,,0.0,,,,,Nein,,,,,,,
20.07.25 22:00,Volk 1,Zwirle 1,Zander,Zander flach (159mm),Liebig / Hohenheimer Einfachbeute,Ableger,1,Ableger gebildet aus Startervölkern 3 und 4,"Drohnenrahmen entfernt 
Honigrähmchen zum Putzen aufgesetzt",Stifte; Larven; Verdeckelte Brut,,4,8,,,,,,Drohnenbrutschneiden,,,,2.0,,,,1.0,Ja,,,Sommertracht,,,,
26.07.25 12:00,Volk 6,Zwirle 1,Zander,Zander flach (159mm),Liebig / Hohenheimer Einfachbeute,,,,Leerzarge für Fütterung aufgesetzt,,,,,,,,,,,,,,,,,,,Nein,,,,Invertzuckersirup,1.4,,
26.07.25 12:00,Volk 5,Zwirle 1,Zander,Zander flach (159mm),Liebig / Hohenheimer Einfachbeute,,,,Leerzarge für Fütterung aufgesetzt,,,,,,,,,,,,,,,,,,,Nein,,,,Invertzuckersirup,1.2,,
26.07.25 12:00,Volk 10,Zwirle 1,Zander,Zander flach (159mm),Liebig / Hohenheimer Einfachbeute,,,,"Futter in Futtertasche gegeben.
Volk mit Legolandvolk vereinigt",,,,,,,,,,,,,,,,,,,Nein,,,,Invertzuckersirup,1.4,,
26.07.25 12:00,Volk 2,Zwirle 1,Zander,Zander flach (159mm),Liebig / Hohenheimer Einfachbeute,Wirtschaftsvolk,,,Leerzarge für Fütterung aufgesetzt,,,,,,,,,,,,,,,,,,,Nein,,,,Invertzuckersirup,1.4,,
26.07.25 12:00,Volk 4,Zwirle 1,Zander,Zander flach (159mm),Liebig / Hohenheimer Einfachbeute,,,,Leerzarge für Fütterung aufgesetzt,,,,,,,,,,,,,,,,,,,Nein,,,,Invertzuckersirup,1.4,,
26.07.25 12:00,Volk 7,Zwirle 1,Zander,Zander flach (159mm),Liebig / Hohenheimer Einfachbeute,,,,,,,,,,,,,,,,,,,,,,,Nein,,,,,,,
26.07.25 12:00,Volk 9,Zwirle 1,Zander,Zander flach (159mm),Liebig / Hohenheimer Einfachbeute,,,,Königin gezeichnet,Königin,,,,,,,,,,,,,,,,,,Nein,,,,,,,
26.07.25 12:00,Volk 3,Zwirle 1,Zander,Zander flach (159mm),Liebig / Hohenheimer Einfachbeute,,,,,,,,,,,,,,,,,,,,,,,Nein,,,,Invertzuckersirup,1.4,,
26.07.25 12:00,Volk 8,Zwirle 1,Zander,Zander flach (159mm),Liebig / Hohenheimer Einfachbeute,,,,Futter in Futtertasche gegeben,,,,,,,,,,,,,,,,,,,Nein,,,,Invertzuckersirup,1.4,,
26.07.25 22:00,Volk 1,Zwirle 1,Zander,Zander flach (159mm),Liebig / Hohenheimer Einfachbeute,Ableger,1,Ableger gebildet aus Startervölkern 3 und 4,1Liter 26.07. - 3Liter 29.07.,,,,,,,,,,,,,,,,,,,Nein,,,,Invertzuckersirup,4.0,,
29.07.25 12:00,Volk 9,Zwirle 1,Zander,Zander flach (159mm),Liebig / Hohenheimer Einfachbeute,,,,Volk von zuhause zum Wald gebracht,,,,,,,,,,,,,,,,,,,Nein,,,,Invertzuckersirup,2.1,,
29.07.25 12:00,Volk 7,Zwirle 1,Zander,Zander flach (159mm),Liebig / Hohenheimer Einfachbeute,,,,"Volk von zuhause in Wald gebracht.
Futter in Futtertasche gegeben.",,,,,,,,,,,,,,,,,,,Nein,,,,Invertzuckersirup,2.1,,
29.07.25 12:00,Volk 5,Zwirle 1,Zander,Zander flach (159mm),Liebig / Hohenheimer Einfachbeute,,,,,,,,,,,,,,,,,,,,,,,Nein,,,,Invertzuckersirup,4.2,,
29.07.25 12:00,Volk 3,Zwirle 1,Zander,Zander flach (159mm),Liebig / Hohenheimer Einfachbeute,,,,,,,,,,,,,,,,,,,,,,,Nein,,,,Invertzuckersirup,4.2,,
29.07.25 12:00,Volk 6,Zwirle 1,Zander,Zander flach (159mm),Liebig / Hohenheimer Einfachbeute,,,,,,,,,,,,,,,,,,,,,,,Nein,,,,Invertzuckersirup,2.1,,
29.07.25 12:00,Volk 8,Zwirle 1,Zander,Zander flach (159mm),Liebig / Hohenheimer Einfachbeute,,,,,,,,,,,,,,,,,,,,,,,Nein,,,,Invertzuckersirup,2.1,,
29.07.25 12:00,Volk 10,Zwirle 1,Zander,Zander flach (159mm),Liebig / Hohenheimer Einfachbeute,,,,,,,,,,,,,,,,,,,,,,,Nein,,,,Invertzuckersirup,2.1,,
29.07.25 13:00,Volk 4,Zwirle 1,Zander,Zander flach (159mm),Liebig / Hohenheimer Einfachbeute,,,,,,,,,,,,,,,,,,,,,,,Nein,,,,Invertzuckersirup,4.2,,
29.07.25 21:20,Volk 2,Zwirle 1,Zander,Zander flach (159mm),Liebig / Hohenheimer Einfachbeute,Wirtschaftsvolk,,,,,,,,,,,,,,,,,,,,,,Nein,,,,Invertzuckersirup,4.2,,
01.08.25 12:00,Volk 5,Zwirle 1,Zander,Zander flach (159mm),Liebig / Hohenheimer Einfachbeute,,,,Zuckerwasser leer,,,,,,,,Ameisensäure 60 Bernburg 684 mg/ml Lösung,Nassenheider Verdunster,,110.0,,,,,,,1.0,Nein,,,,,,,
01.08.25 12:00,Volk 3,Zwirle 1,Zander,Zander flach (159mm),Liebig / Hohenheimer Einfachbeute,,,,Zuckerwasser leer,,,,,,,,Ameisensäure 60 Bernburg 684 mg/ml Lösung,Nassenheider Verdunster,,225.0,,,,,,,,Nein,,,,,,,
01.08.25 12:00,Volk 7,Zwirle 1,Zander,Zander flach (159mm),Liebig / Hohenheimer Einfachbeute,,,,Zuckerwasser relativ viel noch im Eimer,,,,,,,,Ameisensäure 60 Bernburg 684 mg/ml Lösung,Nassenheider Verdunster,,110.0,,,,,,,,Nein,,,,,,,
01.08.25 12:00,Volk 6,Zwirle 1,Zander,Zander flach (159mm),Liebig / Hohenheimer Einfachbeute,,,,Zuckerwasser leer,,,,,,,,Ameisensäure 60 Bernburg 684 mg/ml Lösung,Nassenheider Verdunster,,110.0,,,,,,,,Nein,,,,,,,
01.08.25 12:00,Volk 8,Zwirle 1,Zander,Zander flach (159mm),Liebig / Hohenheimer Einfachbeute,,,,Zuckerwasser leer,,,,,,,,Ameisensäure 60 Bernburg 684 mg/ml Lösung,Nassenheider Verdunster,,110.0,,,,,,,,Nein,,,,,,,
01.08.25 12:00,Volk 10,Zwirle 1,Zander,Zander flach (159mm),Liebig / Hohenheimer Einfachbeute,,,,"Königin gekennzeichnet.
Aufgesetztes Ablegervolk in unteren Brutraum gesetzt.",Königin; Stifte; Larven; Verdeckelte Brut,,,,,,,Ameisensäure 60 Bernburg 684 mg/ml Lösung,Nassenheider Verdunster,,110.0,,,,,,,,Nein,,,,,,,
01.08.25 12:00,Volk 2,Zwirle 1,Zander,Zander flach (159mm),Liebig / Hohenheimer Einfachbeute,Wirtschaftsvolk,,,Zuckerwasser leer,,,,,,,,Ameisensäure 60 Bernburg 684 mg/ml Lösung,Nassenheider Verdunster,,225.0,,,,,,,,Nein,,,,,,,
01.08.25 12:00,Volk 9,Zwirle 1,Zander,Zander flach (159mm),Liebig / Hohenheimer Einfachbeute,,,,Zuckerwasser leer,,,,,,,,Ameisensäure 60 Bernburg 684 mg/ml Lösung,Nassenheider Verdunster,,110.0,,,,,,,,Nein,,,,,,,
01.08.25 21:50,Volk 4,Zwirle 1,Zander,Zander flach (159mm),Liebig / Hohenheimer Einfachbeute,,,,Zuckerwasser leer,,,,,,,,Ameisensäure 60 Bernburg 684 mg/ml Lösung,Nassenheider Verdunster,,225.0,,,,,,,,Nein,,,,,,,
01.08.25 22:00,Volk 1,Zwirle 1,Zander,Zander flach (159mm),Liebig / Hohenheimer Einfachbeute,Ableger,1,Ableger gebildet aus Startervölkern 3 und 4,,,,,,,,,Ameisensäure 60 Bernburg 684 mg/ml Lösung,Nassenheider Verdunster,,,,,,,,,,Nein,,,,,,,
08.08.25 23:40,Volk 4,Zwirle 1,Zander,Zander flach (159mm),Liebig / Hohenheimer Einfachbeute,,,,,,,,,Gemülldiagnose,11,1,,,,,,,,,,,,Nein,,,,,,,
16.08.25 12:00,Volk 8,Zwirle 1,Zander,Zander flach (159mm),Liebig / Hohenheimer Einfachbeute,,,,,,,,,Gemülldiagnose,1,1,,,,,,,,,,,,Nein,,,,Invertzuckersirup,4.2,,
16.08.25 12:00,Volk 6,Zwirle 1,Zander,Zander flach (159mm),Liebig / Hohenheimer Einfachbeute,,,,,,,,,Gemülldiagnose,1,1,,,,,,,,,,,,Nein,,,,Invertzuckersirup,6.3,,
16.08.25 12:00,Volk 7,Zwirle 1,Zander,Zander flach (159mm),Liebig / Hohenheimer Einfachbeute,,,,,,,,,Gemülldiagnose,30,1,,,,,,,,,,,,Nein,,,,Invertzuckersirup,2.1,,
16.08.25 12:00,Volk 10,Zwirle 1,Zander,Zander flach (159mm),Liebig / Hohenheimer Einfachbeute,,,,,,,,,Gemülldiagnose,21,1,,,,,,,,,,,,Nein,,,,Invertzuckersirup,4.2,,
16.08.25 12:00,Volk 2,Zwirle 1,Zander,Zander flach (159mm),Liebig / Hohenheimer Einfachbeute,Wirtschaftsvolk,,,,,,,,Gemülldiagnose,2,1,,,,,,,,,,,,Nein,,,,Invertzuckersirup,6.3,,
16.08.25 12:00,Volk 9,Zwirle 1,Zander,Zander flach (159mm),Liebig / Hohenheimer Einfachbeute,,,,,,,,,Gemülldiagnose,10,1,,,,,,,,,,,,Nein,,,,Invertzuckersirup,4.2,,
16.08.25 13:00,Volk 3,Zwirle 1,Zander,Zander flach (159mm),Liebig / Hohenheimer Einfachbeute,,,,,,,,,Gemülldiagnose,12,1,,,,,,,,,,,,Nein,,,,Invertzuckersirup,6.3,,
16.08.25 13:00,Volk 5,Zwirle 1,Zander,Zander flach (159mm),Liebig / Hohenheimer Einfachbeute,,,,,,,,,Gemülldiagnose,19,1,,,,,,,,,,,,Nein,,,,Invertzuckersirup,6.3,,
16.08.25 22:10,Volk 4,Zwirle 1,Zander,Zander flach (159mm),Liebig / Hohenheimer Einfachbeute,,,,,,,,,Gemülldiagnose,8,1,,,,,,,,,,,,Nein,,,,Invertzuckersirup,6.3,,
17.08.25 12:00,Volk 4,Zwirle 1,Zander,Zander flach (159mm),Liebig / Hohenheimer Einfachbeute,,,,,,,,,Gemülldiagnose,10,1,,,,,,,,,,,,Nein,,,,,,,
17.08.25 12:00,Volk 3,Zwirle 1,Zander,Zander flach (159mm),Liebig / Hohenheimer Einfachbeute,,,,,,,,,Gemülldiagnose,30,1,,,,,,,,,,,,Nein,,,,,,,
17.08.25 12:00,Volk 5,Zwirle 1,Zander,Zander flach (159mm),Liebig / Hohenheimer Einfachbeute,,,,,,,,,Gemülldiagnose,10,1,,,,,,,,,,,,Nein,,,,,,,
17.08.25 12:00,Volk 6,Zwirle 1,Zander,Zander flach (159mm),Liebig / Hohenheimer Einfachbeute,,,,,,,,,Gemülldiagnose,1,1,,,,,,,,,,,,Nein,,,,,,,
17.08.25 12:00,Volk 2,Zwirle 1,Zander,Zander flach (159mm),Liebig / Hohenheimer Einfachbeute,Wirtschaftsvolk,,,,,,,,Gemülldiagnose,4,1,,,,,,,,,,,,Nein,,,,,,,
17.08.25 12:00,Volk 10,Zwirle 1,Zander,Zander flach (159mm),Liebig / Hohenheimer Einfachbeute,,,,,,,,,Gemülldiagnose,9,1,,,,,,,,,,,,Nein,,,,,,,
17.08.25 12:00,Volk 9,Zwirle 1,Zander,Zander flach (159mm),Liebig / Hohenheimer Einfachbeute,,,,,,,,,Gemülldiagnose,5,1,,,,,,,,,,,,Nein,,,,,,,
17.08.25 13:00,Volk 8,Zwirle 1,Zander,Zander flach (159mm),Liebig / Hohenheimer Einfachbeute,,,,,,,,,Gemülldiagnose,0,1,,,,,,,,,,,,Nein,,,,,,,
17.08.25 22:00,Volk 1,Zwirle 1,Zander,Zander flach (159mm),Liebig / Hohenheimer Einfachbeute,Ableger,1,Ableger gebildet aus Startervölkern 3 und 4,,,,,,Gemülldiagnose,15,1,,,,,,,,,,,,Nein,,,,Invertzuckersirup,4.5,,
17.08.25 22:20,Volk 7,Zwirle 1,Zander,Zander flach (159mm),Liebig / Hohenheimer Einfachbeute,,,,,,,,,Gemülldiagnose,24,1,,,,,,,,,,,,Nein,,,,,,,
18.08.25 22:10,Volk 1,Zwirle 1,Zander,Zander flach (159mm),Liebig / Hohenheimer Einfachbeute,Ableger,1,Ableger gebildet aus Startervölkern 3 und 4,,,,,,Gemülldiagnose,6,1,,,,,,,,,,,,Nein,,,,,,,
19.08.25 22:10,Volk 1,Zwirle 1,Zander,Zander flach (159mm),Liebig / Hohenheimer Einfachbeute,Ableger,1,Ableger gebildet aus Startervölkern 3 und 4,"gesammt Menge 11,5 Liter",,,,,Gemülldiagnose,10,1,,,,,,,,,,,,Nein,,,,Invertzuckersirup,3.0,,
21.08.25 12:00,Volk 8,Zwirle 1,Zander,Zander flach (159mm),Liebig / Hohenheimer Einfachbeute,,,,,,,,,Gemülldiagnose,1,4,,,,,,,,,,,,Nein,,,,Invertzuckersirup,4.2,,
21.08.25 12:00,Volk 10,Zwirle 1,Zander,Zander flach (159mm),Liebig / Hohenheimer Einfachbeute,,,,,,,,,Gemülldiagnose,23,4,,,,,,,,,,,,Nein,,,,Invertzuckersirup,4.2,,
21.08.25 12:00,Volk 5,Zwirle 1,Zander,Zander flach (159mm),Liebig / Hohenheimer Einfachbeute,,,,,,,,,Gemülldiagnose,10,4,,,,,,,,,,,,Nein,,,,Invertzuckersirup,4.2,,
21.08.25 12:00,Volk 6,Zwirle 1,Zander,Zander flach (159mm),Liebig / Hohenheimer Einfachbeute,,,,,,,,,Gemülldiagnose,1,4,,,,,,,,,,,,Nein,,,,Invertzuckersirup,3.5,,
21.08.25 12:00,Volk 4,Zwirle 1,Zander,Zander flach (159mm),Liebig / Hohenheimer Einfachbeute,,,,,,,,,Gemülldiagnose,10,4,,,,,,,,,,,,Nein,,,,Invertzuckersirup,4.2,,
21.08.25 12:00,Volk 7,Zwirle 1,Zander,Zander flach (159mm),Liebig / Hohenheimer Einfachbeute,,,,,,,,,Gemülldiagnose,4,4,,,,,,,,,,,,Nein,,,,Invertzuckersirup,2.1,,
21.08.25 12:00,Volk 2,Zwirle 1,Zander,Zander flach (159mm),Liebig / Hohenheimer Einfachbeute,Wirtschaftsvolk,,,,,,,,Gemülldiagnose,4,4,,,,,,,,,,,,Nein,,,,Invertzuckersirup,4.2,,
21.08.25 12:00,Volk 3,Zwirle 1,Zander,Zander flach (159mm),Liebig / Hohenheimer Einfachbeute,,,,,,,,,Gemülldiagnose,30,4,,,,,,,,,,,,Nein,,,,Invertzuckersirup,4.2,,
21.08.25 22:30,Volk 9,Zwirle 1,Zander,Zander flach (159mm),Liebig / Hohenheimer Einfachbeute,,,,,,,,,Gemülldiagnose,8,4,,,,,,,,,,,,Nein,,,,,,,
01.09.25 12:00,Volk 6,Zwirle 1,Zander,Zander flach (159mm),Liebig / Hohenheimer Einfachbeute,,,,Varoamittel entfernt,Stifte; Larven; Verdeckelte Brut,,,,Gemülldiagnose,0,2,,,,,,,1.0,,,,1.0,Nein,,,,,,,
01.09.25 12:00,Volk 10,Zwirle 1,Zander,Zander flach (159mm),Liebig / Hohenheimer Einfachbeute,,,,,Stifte; Larven; Verdeckelte Brut,,,,Gemülldiagnose,34,2,Ameisensäure 60 Bernburg 684 mg/ml Lösung,Nassenheider Verdunster,,175.0,,,0.0,,,,1.0,Nein,,,,,,,
01.09.25 12:00,Volk 8,Zwirle 1,Zander,Zander flach (159mm),Liebig / Hohenheimer Einfachbeute,,,,Varoamittel entfernt,Stifte; Larven; Verdeckelte Brut,,,,Gemülldiagnose,0,2,,,,,,,1.0,,,,1.0,Nein,,,,,,,
01.09.25 12:00,Volk 3,Zwirle 1,Zander,Zander flach (159mm),Liebig / Hohenheimer Einfachbeute,,,,,Stifte; Larven; Verdeckelte Brut,,,,Gemülldiagnose,6,2,Ameisensäure 60 Bernburg 684 mg/ml Lösung,Nassenheider Verdunster,,175.0,,,2.0,,,,2.0,Nein,,,,,,,
01.09.25 12:00,Volk 2,Zwirle 1,Zander,Zander flach (159mm),Liebig / Hohenheimer Einfachbeute,Wirtschaftsvolk,,,Varoamittel entfernt,Stifte; Larven; Verdeckelte Brut,,,,Gemülldiagnose,5,2,,,,,,,2.0,,,,2.0,Nein,,,,,,,
01.09.25 12:00,Volk 9,Zwirle 1,Zander,Zander flach (159mm),Liebig / Hohenheimer Einfachbeute,,,,Varoamittel entfernt,Stifte; Larven; Verdeckelte Brut; Königin,,,,Gemülldiagnose,0,2,,,,,,,0.0,,,,1.0,Nein,,,,,,,
01.09.25 12:00,Volk 5,Zwirle 1,Zander,Zander flach (159mm),Liebig / Hohenheimer Einfachbeute,,,,,Stifte; Larven; Verdeckelte Brut,,,,Gemülldiagnose,37,2,Ameisensäure 60 Bernburg 684 mg/ml Lösung,Nassenheider Verdunster,,140.0,,,2.0,,,,2.0,Nein,,,,,,,
01.09.25 12:00,Volk 7,Zwirle 1,Zander,Zander flach (159mm),Liebig / Hohenheimer Einfachbeute,,,,Varoamittel entfernt,Stifte; Larven; Verdeckelte Brut,,,,Gemülldiagnose,1,2,,,,,,,1.0,,,,1.0,Nein,,,,,,,
01.09.25 12:00,Volk 4,Zwirle 1,Zander,Zander flach (159mm),Liebig / Hohenheimer Einfachbeute,,,,Varoamittel entfernt,Stifte; Larven; Verdeckelte Brut,,,,Gemülldiagnose,5,2,,,,,,,2.0,,,,2.0,Nein,,,,,,,
01.09.25 22:10,Volk 1,Zwirle 1,Zander,Zander flach (159mm),Liebig / Hohenheimer Einfachbeute,Ableger,1,Ableger gebildet aus Startervölkern 3 und 4,"Ameisensäure entfernt
Drohnenrahmen raus 
eher wenig Futter",Stifte; Larven; Verdeckelte Brut,,3,7,Gemülldiagnose,6,2,,,,,,,,,,,,Nein,,,,,,,
05.09.25 12:00,Volk 8,Zwirle 1,Zander,Zander flach (159mm),Liebig / Hohenheimer Einfachbeute,,,,,,,,,Gemülldiagnose,1,1,,,,,,,,,,,,Nein,,,,,,,
05.09.25 12:00,Volk 2,Zwirle 1,Zander,Zander flach (159mm),Liebig / Hohenheimer Einfachbeute,Wirtschaftsvolk,,,,,,,,Gemülldiagnose,7,1,,,,,,,,,,,,Nein,,,,,,,
05.09.25 12:00,Volk 9,Zwirle 1,Zander,Zander flach (159mm),Liebig / Hohenheimer Einfachbeute,,,,,,,,,Gemülldiagnose,0,1,,,,,,,,,,,,Nein,,,,,,,
05.09.25 12:00,Volk 7,Zwirle 1,Zander,Zander flach (159mm),Liebig / Hohenheimer Einfachbeute,,,,,,,,,Gemülldiagnose,0,1,,,,,,,,,,,,Nein,,,,,,,
05.09.25 12:00,Volk 3,Zwirle 1,Zander,Zander flach (159mm),Liebig / Hohenheimer Einfachbeute,,,,,,,,,Gemülldiagnose,73,1,,,,,,,,,,,,Nein,,,,,,,
05.09.25 12:00,Volk 5,Zwirle 1,Zander,Zander flach (159mm),Liebig / Hohenheimer Einfachbeute,,,,,,,,,Gemülldiagnose,37,1,,,,,,,,,,,,Nein,,,,,,,
05.09.25 12:00,Volk 6,Zwirle 1,Zander,Zander flach (159mm),Liebig / Hohenheimer Einfachbeute,,,,,,,,,Gemülldiagnose,0,1,,,,,,,,,,,,Nein,,,,,,,
05.09.25 12:00,Volk 10,Zwirle 1,Zander,Zander flach (159mm),Liebig / Hohenheimer Einfachbeute,,,,,,,,,Gemülldiagnose,26,1,,,,,,,,,,,,Nein,,,,,,,
05.09.25 22:10,Volk 1,Zwirle 1,Zander,Zander flach (159mm),Liebig / Hohenheimer Einfachbeute,Ableger,1,Ableger gebildet aus Startervölkern 3 und 4,,,,,,Gemülldiagnose,7,1,,,,,,,,,,,,Nein,,,,,,,
05.09.25 23:10,Volk 4,Zwirle 1,Zander,Zander flach (159mm),Liebig / Hohenheimer Einfachbeute,,,,,,,,,Gemülldiagnose,6,1,,,,,,,,,,,,Nein,,,,,,,
06.09.25 12:00,Volk 7,Zwirle 1,Zander,Zander flach (159mm),Liebig / Hohenheimer Einfachbeute,,,,,,,,,Gemülldiagnose,8,1,,,,,,,,,,,,Nein,,,,,,,
06.09.25 12:00,Volk 10,Zwirle 1,Zander,Zander flach (159mm),Liebig / Hohenheimer Einfachbeute,,,,,,,,,Gemülldiagnose,28,1,,,,,,,,,,,,Nein,,,,,,,
06.09.25 12:00,Volk 5,Zwirle 1,Zander,Zander flach (159mm),Liebig / Hohenheimer Einfachbeute,,,,,,,,,Gemülldiagnose,10,1,,,,,,,,,,,,Nein,,,,,,,
06.09.25 12:00,Volk 9,Zwirle 1,Zander,Zander flach (159mm),Liebig / Hohenheimer Einfachbeute,,,,,,,,,Gemülldiagnose,2,1,,,,,,,,,,,,Nein,,,,,,,
06.09.25 12:00,Volk 8,Zwirle 1,Zander,Zander flach (159mm),Liebig / Hohenheimer Einfachbeute,,,,,,,,,Gemülldiagnose,0,1,,,,,,,,,,,,Nein,,,,,,,
06.09.25 12:00,Volk 6,Zwirle 1,Zander,Zander flach (159mm),Liebig / Hohenheimer Einfachbeute,,,,,,,,,Gemülldiagnose,1,1,,,,,,,,,,,,Nein,,,,,,,
06.09.25 22:10,Volk 1,Zwirle 1,Zander,Zander flach (159mm),Liebig / Hohenheimer Einfachbeute,Ableger,1,Ableger gebildet aus Startervölkern 3 und 4,,,,,,Gemülldiagnose,9,1,,,,,,,,,,,,Nein,,,,,,,
06.09.25 23:10,Volk 2,Zwirle 1,Zander,Zander flach (159mm),Liebig / Hohenheimer Einfachbeute,Wirtschaftsvolk,,,,,,,,Gemülldiagnose,5,1,,,,,,,,,,,,Nein,,,,,,,
06.09.25 23:10,Volk 4,Zwirle 1,Zander,Zander flach (159mm),Liebig / Hohenheimer Einfachbeute,,,,,,,,,Gemülldiagnose,2,1,,,,,,,,,,,,Nein,,,,,,,
06.09.25 23:10,Volk 3,Zwirle 1,Zander,Zander flach (159mm),Liebig / Hohenheimer Einfachbeute,,,,,,,,,Gemülldiagnose,54,1,,,,,,,,,,,,Nein,,,,,,,
07.09.25 12:00,Volk 7,Zwirle 1,Zander,Zander flach (159mm),Liebig / Hohenheimer Einfachbeute,,,,,,,,,Gemülldiagnose,1,1,,,,,,,,,,,,Nein,,,,Invertzuckersirup,2.1,,
07.09.25 12:00,Volk 8,Zwirle 1,Zander,Zander flach (159mm),Liebig / Hohenheimer Einfachbeute,,,,,,,,,Gemülldiagnose,0,1,,,,,,,,,,,,Nein,,,,Invertzuckersirup,2.1,,
07.09.25 12:00,Volk 6,Zwirle 1,Zander,Zander flach (159mm),Liebig / Hohenheimer Einfachbeute,,,,,,,,,Gemülldiagnose,2,1,,,,,,,,,,,,Nein,,,,,,,
07.09.25 12:00,Volk 2,Zwirle 1,Zander,Zander flach (159mm),Liebig / Hohenheimer Einfachbeute,Wirtschaftsvolk,,,,,,,,Gemülldiagnose,3,1,,,,,,,,,,,,Nein,,,,,,,
07.09.25 12:00,Volk 4,Zwirle 1,Zander,Zander flach (159mm),Liebig / Hohenheimer Einfachbeute,,,,,,,,,Gemülldiagnose,3,1,,,,,,,,,,,,Nein,,,,,,,
07.09.25 12:00,Volk 5,Zwirle 1,Zander,Zander flach (159mm),Liebig / Hohenheimer Einfachbeute,,,,,,,,,Gemülldiagnose,9,1,,,,,,,,,,,,Nein,,,,,,,
07.09.25 12:00,Volk 9,Zwirle 1,Zander,Zander flach (159mm),Liebig / Hohenheimer Einfachbeute,,,,,,,,,Gemülldiagnose,0,1,,,,,,,,,,,,Nein,,,,Invertzuckersirup,2.1,,
07.09.25 12:00,Volk 10,Zwirle 1,Zander,Zander flach (159mm),Liebig / Hohenheimer Einfachbeute,,,,,,,,,Gemülldiagnose,12,1,,,,,,,,,,,,Nein,,,,Invertzuckersirup,,,
07.09.25 12:00,Volk 3,Zwirle 1,Zander,Zander flach (159mm),Liebig / Hohenheimer Einfachbeute,,,,,,,,,Gemülldiagnose,36,1,,,,,,,,,,,,Nein,,,,,,,
07.09.25 22:10,Volk 1,Zwirle 1,Zander,Zander flach (159mm),Liebig / Hohenheimer Einfachbeute,Ableger,1,Ableger gebildet aus Startervölkern 3 und 4,,,,,,Gemülldiagnose,5,1,,,,,,,,,,,,Nein,,,,,,,
12.09.25 12:00,Volk 4,Zwirle 1,Zander,Zander flach (159mm),Liebig / Hohenheimer Einfachbeute,,,,,,,,,,,,,,,,,,,,,,,Nein,,,,,,21.2,einseitig
12.09.25 12:00,Volk 9,Zwirle 1,Zander,Zander flach (159mm),Liebig / Hohenheimer Einfachbeute,,,,,,,,,,,,,,,,,,,,,,,Nein,,,,,,11.3,einseitig
12.09.25 12:00,Volk 7,Zwirle 1,Zander,Zander flach (159mm),Liebig / Hohenheimer Einfachbeute,,,,,,,,,,,,,,,,,,,,,,,Nein,,,,,,11.7,einseitig
12.09.25 12:00,Volk 3,Zwirle 1,Zander,Zander flach (159mm),Liebig / Hohenheimer Einfachbeute,,,,Ameisensäure entfernt,,,,,,,,,,,,,,,,,,,Nein,,,,,,21.8,einseitig
12.09.25 12:00,Volk 5,Zwirle 1,Zander,Zander flach (159mm),Liebig / Hohenheimer Einfachbeute,,,,Ameisensäure entfernt,,,,,,,,,,,,,,,,,,,Nein,,,,,,24.2,einseitig
12.09.25 12:00,Volk 2,Zwirle 1,Zander,Zander flach (159mm),Liebig / Hohenheimer Einfachbeute,Wirtschaftsvolk,,,,,,,,,,,,,,,,,,,,,,Nein,,,,,,22.0,einseitig
12.09.25 12:00,Volk 10,Zwirle 1,Zander,Zander flach (159mm),Liebig / Hohenheimer Einfachbeute,,,,Ameisensäure entfernt,,,,,,,,,,,,,,,,,,,Nein,,,,,,16.9,einseitig
12.09.25 12:00,Volk 6,Zwirle 1,Zander,Zander flach (159mm),Liebig / Hohenheimer Einfachbeute,,,,,,,,,,,,,,,,,,,,,,,Nein,,,,,,14.1,einseitig
12.09.25 12:00,Volk 8,Zwirle 1,Zander,Zander flach (159mm),Liebig / Hohenheimer Einfachbeute,,,,,,,,,,,,,,,,,,,,,,,Nein,,,,,,14.2,einseitig
12.09.25 22:10,Volk 1,Zwirle 1,Zander,Zander flach (159mm),Liebig / Hohenheimer Einfachbeute,Ableger,1,Ableger gebildet aus Startervölkern 3 und 4,,,,,,,,,,,,,,,,,,,,Nein,,,,,,17.7,einseitig
13.09.25 12:00,Volk 3,Zwirle 1,Zander,Zander flach (159mm),Liebig / Hohenheimer Einfachbeute,,,,,,,,,Gemülldiagnose,20,1,,,,,,,,,,,,Nein,,,,,,,
13.09.25 12:00,Volk 4,Zwirle 1,Zander,Zander flach (159mm),Liebig / Hohenheimer Einfachbeute,,,,,,,,,Gemülldiagnose,6,1,,,,,,,,,,,,Nein,,,,,,,
13.09.25 12:00,Volk 7,Zwirle 1,Zander,Zander flach (159mm),Liebig / Hohenheimer Einfachbeute,,,,,,,,,Gemülldiagnose,1,1,,,,,,,,,,,,Nein,,,,,,,
13.09.25 12:00,Volk 9,Zwirle 1,Zander,Zander flach (159mm),Liebig / Hohenheimer Einfachbeute,,,,,,,,,Gemülldiagnose,1,1,,,,,,,,,,,,Nein,,,,,,,
13.09.25 12:00,Volk 10,Zwirle 1,Zander,Zander flach (159mm),Liebig / Hohenheimer Einfachbeute,,,,,,,,,Gemülldiagnose,37,1,,,,,,,,,,,,Nein,,,,,,,
13.09.25 12:00,Volk 5,Zwirle 1,Zander,Zander flach (159mm),Liebig / Hohenheimer Einfachbeute,,,,,,,,,Gemülldiagnose,21,1,,,,,,,,,,,,Nein,,,,,,,
13.09.25 12:00,Volk 8,Zwirle 1,Zander,Zander flach (159mm),Liebig / Hohenheimer Einfachbeute,,,,,,,,,Gemülldiagnose,2,1,,,,,,,,,,,,Nein,,,,,,,
13.09.25 12:00,Volk 6,Zwirle 1,Zander,Zander flach (159mm),Liebig / Hohenheimer Einfachbeute,,,,,,,,,Gemülldiagnose,3,1,,,,,,,,,,,,Nein,,,,,,,
13.09.25 12:00,Volk 2,Zwirle 1,Zander,Zander flach (159mm),Liebig / Hohenheimer Einfachbeute,Wirtschaftsvolk,,,,,,,,Gemülldiagnose,8,1,,,,,,,,,,,,Nein,,,,,,,
13.09.25 22:10,Volk 1,Zwirle 1,Zander,Zander flach (159mm),Liebig / Hohenheimer Einfachbeute,Ableger,1,Ableger gebildet aus Startervölkern 3 und 4,"gesammt Menge 15,5 Liter",,,,,Gemülldiagnose,11,2,,,,,,,,,,,,Nein,,,,Invertzuckersirup,4.0,,
18.09.25 12:00,Volk 10,Zwirle 1,Zander,Zander flach (159mm),Liebig / Hohenheimer Einfachbeute,,,,,,,,,Gemülldiagnose,45,1,,,,,,,,,,,,Nein,,,,,,,
18.09.25 12:00,Volk 5,Zwirle 1,Zander,Zander flach (159mm),Liebig / Hohenheimer Einfachbeute,,,,,,,,,Gemülldiagnose,17,1,,,,,,,,,,,,Nein,,,,,,,
18.09.25 12:00,Volk 6,Zwirle 1,Zander,Zander flach (159mm),Liebig / Hohenheimer Einfachbeute,,,,,,,,,Gemülldiagnose,1,1,,,,,,,,,,,,Nein,,,,,,,
18.09.25 12:00,Volk 3,Zwirle 1,Zander,Zander flach (159mm),Liebig / Hohenheimer Einfachbeute,,,,,,,,,Gemülldiagnose,9,1,,,,,,,,,,,,Nein,,,,,,,
18.09.25 12:00,Volk 7,Zwirle 1,Zander,Zander flach (159mm),Liebig / Hohenheimer Einfachbeute,,,,,,,,,Gemülldiagnose,0,1,,,,,,,,,,,,Nein,,,,,,,
18.09.25 12:00,Volk 2,Zwirle 1,Zander,Zander flach (159mm),Liebig / Hohenheimer Einfachbeute,Wirtschaftsvolk,,,,,,,,Gemülldiagnose,8,1,,,,,,,,,,,,Nein,,,,,,,
18.09.25 12:00,Volk 8,Zwirle 1,Zander,Zander flach (159mm),Liebig / Hohenheimer Einfachbeute,,,,,,,,,Gemülldiagnose,1,1,,,,,,,,,,,,Nein,,,,,,,
18.09.25 12:00,Volk 9,Zwirle 1,Zander,Zander flach (159mm),Liebig / Hohenheimer Einfachbeute,,,,,,,,,Gemülldiagnose,0,1,,,,,,,,,,,,Nein,,,,,,,
18.09.25 12:00,Volk 4,Zwirle 1,Zander,Zander flach (159mm),Liebig / Hohenheimer Einfachbeute,,,,,,,,,Gemülldiagnose,4,1,,,,,,,,,,,,Nein,,,,,,,
18.09.25 22:20,Volk 1,Zwirle 1,Zander,Zander flach (159mm),Liebig / Hohenheimer Einfachbeute,Ableger,1,Ableger gebildet aus Startervölkern 3 und 4,,,,,,Gemülldiagnose,10,1,,,,,,,,,,,,Nein,,,,,,19.6,einseitig
20.09.25 12:00,Volk 7,Zwirle 1,Zander,Zander flach (159mm),Liebig / Hohenheimer Einfachbeute,,,,,,,,,Gemülldiagnose,1,2,,,,,,,,,,,,Nein,,,,,,,
20.09.25 12:00,Volk 8,Zwirle 1,Zander,Zander flach (159mm),Liebig / Hohenheimer Einfachbeute,,,,,,,,,Gemülldiagnose,3,2,,,,,,,,,,,,Nein,,,,,,,
20.09.25 12:00,Volk 9,Zwirle 1,Zander,Zander flach (159mm),Liebig / Hohenheimer Einfachbeute,,,,,,,,,Gemülldiagnose,1,2,,,,,,,,,,,,Nein,,,,,,,
20.09.25 12:00,Volk 3,Zwirle 1,Zander,Zander flach (159mm),Liebig / Hohenheimer Einfachbeute,,,,,,,,,Gemülldiagnose,9,2,,,,,,,,,,,,Nein,,,,,,,
20.09.25 12:00,Volk 10,Zwirle 1,Zander,Zander flach (159mm),Liebig / Hohenheimer Einfachbeute,,,,,,,,,Gemülldiagnose,60,2,,,,,,,,,,,,Nein,,,,,,,
20.09.25 12:00,Volk 4,Zwirle 1,Zander,Zander flach (159mm),Liebig / Hohenheimer Einfachbeute,,,,,,,,,Gemülldiagnose,11,2,,,,,,,,,,,,Nein,,,,,,,
20.09.25 12:00,Volk 5,Zwirle 1,Zander,Zander flach (159mm),Liebig / Hohenheimer Einfachbeute,,,,Varoa-Windel verweht,,,,,Gemülldiagnose,,2,,,,,,,,,,,,Nein,,,,,,,
20.09.25 12:00,Volk 2,Zwirle 1,Zander,Zander flach (159mm),Liebig / Hohenheimer Einfachbeute,Wirtschaftsvolk,,,,,,,,Gemülldiagnose,6,2,,,,,,,,,,,,Nein,,,,,,,
20.09.25 12:00,Volk 6,Zwirle 1,Zander,Zander flach (159mm),Liebig / Hohenheimer Einfachbeute,,,,,,,,,Gemülldiagnose,1,2,,,,,,,,,,,,Nein,,,,,,,
20.09.25 22:20,Volk 1,Zwirle 1,Zander,Zander flach (159mm),Liebig / Hohenheimer Einfachbeute,Ableger,1,Ableger gebildet aus Startervölkern 3 und 4,,,,,,Gemülldiagnose,6,1,,,,,,,,,,,,Nein,,,,,,,
03.10.25 12:00,Volk 9,Zwirle 1,Zander,Zander flach (159mm),Liebig / Hohenheimer Einfachbeute,,,,Flugkeil klein gestellt,,,,,Gemülldiagnose,2,1,,,,,,,,,,,,Nein,,,,,,10.9,einseitig
03.10.25 12:00,Volk 5,Zwirle 1,Zander,Zander flach (159mm),Liebig / Hohenheimer Einfachbeute,,,,Flugkeil klein gestellt,,,,,Gemülldiagnose,19,1,,,,,,,,,,,,Nein,,,,,,24.8,einseitig
03.10.25 12:00,Volk 7,Zwirle 1,Zander,Zander flach (159mm),Liebig / Hohenheimer Einfachbeute,,,,Flugkeil klein gestellt,,,,,Gemülldiagnose,2,1,,,,,,,,,,,,Nein,,,,,,11.6,einseitig
03.10.25 12:00,Volk 8,Zwirle 1,Zander,Zander flach (159mm),Liebig / Hohenheimer Einfachbeute,,,,Flugkeil klein gestellt,,,,,Gemülldiagnose,9,1,,,,,,,,,,,,Nein,,,,,,13.8,einseitig
03.10.25 12:00,Volk 2,Zwirle 1,Zander,Zander flach (159mm),Liebig / Hohenheimer Einfachbeute,Wirtschaftsvolk,,,Flugkeil klein gestellt,,,,,Gemülldiagnose,27,1,,,,,,,,,,,,Nein,,,,,,21.4,einseitig
03.10.25 12:00,Volk 4,Zwirle 1,Zander,Zander flach (159mm),Liebig / Hohenheimer Einfachbeute,,,,Flugkeil kleingestellt,,,,,Gemülldiagnose,6,1,,,,,,,,,,,,Nein,,,,,,20.8,einseitig
03.10.25 12:00,Volk 10,Zwirle 1,Zander,Zander flach (159mm),Liebig / Hohenheimer Einfachbeute,,,,Flugkeil klein gestellt,,,,,Gemülldiagnose,48,1,,,,,,,,,,,,Nein,,,,,,16.7,einseitig
03.10.25 12:00,Volk 6,Zwirle 1,Zander,Zander flach (159mm),Liebig / Hohenheimer Einfachbeute,,,,Flugkeil klein gestellt,,,,,Gemülldiagnose,1,1,,,,,,,,,,,,Nein,,,,,,13.9,einseitig
03.10.25 12:00,Volk 3,Zwirle 1,Zander,Zander flach (159mm),Liebig / Hohenheimer Einfachbeute,,,,Flugkeil klein gestellt,,,,,Gemülldiagnose,1,1,,,,,,,,,,,,Nein,,,,,,21.2,einseitig
03.10.25 22:20,Volk 1,Zwirle 1,Zander,Zander flach (159mm),Liebig / Hohenheimer Einfachbeute,Ableger,1,Ableger gebildet aus Startervölkern 3 und 4,,,,,,Gemülldiagnose,27,1,,,,,,,,,,,,Nein,,,,,,19.6,einseitig
08.10.25 00:00,Volk 8,Zwirle 1,Zander,Zander flach (159mm),Liebig / Hohenheimer Einfachbeute,,,,,,,,,Gemülldiagnose,2,1,,,,,,,,,,,,Nein,,,,,,,
08.10.25 12:00,Volk 9,Zwirle 1,Zander,Zander flach (159mm),Liebig / Hohenheimer Einfachbeute,,,,,,,,,Gemülldiagnose,2,1,,,,,,,,,,,,Nein,,,,,,,
08.10.25 12:00,Volk 6,Zwirle 1,Zander,Zander flach (159mm),Liebig / Hohenheimer Einfachbeute,,,,,,,,,Gemülldiagnose,1,1,,,,,,,,,,,,Nein,,,,,,,
08.10.25 12:00,Volk 7,Zwirle 1,Zander,Zander flach (159mm),Liebig / Hohenheimer Einfachbeute,,,,,,,,,Gemülldiagnose,0,1,,,,,,,,,,,,Nein,,,,,,,
08.10.25 12:00,Volk 3,Zwirle 1,Zander,Zander flach (159mm),Liebig / Hohenheimer Einfachbeute,,,,,,,,,Gemülldiagnose,4,1,,,,,,,,,,,,Nein,,,,,,,
08.10.25 12:00,Volk 10,Zwirle 1,Zander,Zander flach (159mm),Liebig / Hohenheimer Einfachbeute,,,,,,,,,Gemülldiagnose,40,1,,,,,,,,,,,,Nein,,,,,,,
08.10.25 12:00,Volk 2,Zwirle 1,Zander,Zander flach (159mm),Liebig / Hohenheimer Einfachbeute,Wirtschaftsvolk,,,,,,,,Gemülldiagnose,14,1,,,,,,,,,,,,Nein,,,,,,,
08.10.25 12:00,Volk 5,Zwirle 1,Zander,Zander flach (159mm),Liebig / Hohenheimer Einfachbeute,,,,,,,,,Gemülldiagnose,15,1,,,,,,,,,,,,Nein,,,,,,,
09.10.25 12:00,Volk 6,Zwirle 1,Zander,Zander flach (159mm),Liebig / Hohenheimer Einfachbeute,,,,,,,,,Gemülldiagnose,0,1,,,,,,,,,,,,Nein,,,,,,,
09.10.25 12:00,Volk 4,Zwirle 1,Zander,Zander flach (159mm),Liebig / Hohenheimer Einfachbeute,,,,,,,,,Gemülldiagnose,17,1,,,,,,,,,,,,Nein,,,,,,,
09.10.25 12:00,Volk 2,Zwirle 1,Zander,Zander flach (159mm),Liebig / Hohenheimer Einfachbeute,Wirtschaftsvolk,,,,,,,,Gemülldiagnose,20,1,,,,,,,,,,,,Nein,,,,,,,
09.10.25 12:00,Volk 9,Zwirle 1,Zander,Zander flach (159mm),Liebig / Hohenheimer Einfachbeute,,,,,,,,,Gemülldiagnose,0,1,,,,,,,,,,,,Nein,,,,,,,
09.10.25 12:00,Volk 3,Zwirle 1,Zander,Zander flach (159mm),Liebig / Hohenheimer Einfachbeute,,,,,,,,,Gemülldiagnose,10,1,,,,,,,,,,,,Nein,,,,,,,
09.10.25 12:00,Volk 7,Zwirle 1,Zander,Zander flach (159mm),Liebig / Hohenheimer Einfachbeute,,,,,,,,,Gemülldiagnose,0,1,,,,,,,,,,,,Nein,,,,,,,
09.10.25 12:00,Volk 10,Zwirle 1,Zander,Zander flach (159mm),Liebig / Hohenheimer Einfachbeute,,,,,,,,,Gemülldiagnose,60,1,,,,,,,,,,,,Nein,,,,,,,
09.10.25 12:00,Volk 7,Zwirle 1,Zander,Zander flach (159mm),Liebig / Hohenheimer Einfachbeute,,,,,,,,,Gemülldiagnose,0,1,,,,,,,,,,,,Nein,,,,,,,
09.10.25 12:00,Volk 8,Zwirle 1,Zander,Zander flach (159mm),Liebig / Hohenheimer Einfachbeute,,,,,,,,,Gemülldiagnose,2,1,,,,,,,,,,,,Nein,,,,,,,
09.10.25 22:20,Volk 1,Zwirle 1,Zander,Zander flach (159mm),Liebig / Hohenheimer Einfachbeute,Ableger,1,Ableger gebildet aus Startervölkern 3 und 4,,,,,,Gemülldiagnose,17,1,,,,,,,,,,,,Nein,,,,,,,
09.10.25 23:40,Volk 5,Zwirle 1,Zander,Zander flach (159mm),Liebig / Hohenheimer Einfachbeute,,,,,,,,,Gemülldiagnose,33,1,,,,,,,,,,,,Nein,,,,,,,
12.10.25 12:00,Volk 9,Zwirle 1,Zander,Zander flach (159mm),Liebig / Hohenheimer Einfachbeute,,,,,,,,,,,,,,,,,,,,,,,Nein,,,,,,10.5,einseitig
12.10.25 12:00,Volk 5,Zwirle 1,Zander,Zander flach (159mm),Liebig / Hohenheimer Einfachbeute,,,,,,,,,,,,,,,,,,,,,,,Nein,,,,,,24.2,einseitig
12.10.25 12:00,Volk 2,Zwirle 1,Zander,Zander flach (159mm),Liebig / Hohenheimer Einfachbeute,Wirtschaftsvolk,,,,,,,,,,,,,,,,,,,,,,Nein,,,,,,20.9,einseitig
12.10.25 12:00,Volk 8,Zwirle 1,Zander,Zander flach (159mm),Liebig / Hohenheimer Einfachbeute,,,,,,,,,,,,,,,,,,,,,,,Nein,,,,,,13.5,einseitig
12.10.25 12:00,Volk 10,Zwirle 1,Zander,Zander flach (159mm),Liebig / Hohenheimer Einfachbeute,,,,,,,,,,,,,,,,,,,,,,,Nein,,,,,,16.0,einseitig
12.10.25 12:00,Volk 3,Zwirle 1,Zander,Zander flach (159mm),Liebig / Hohenheimer Einfachbeute,,,,,,,,,,,,,,,,,,,,,,,Nein,,,,,,20.7,einseitig
12.10.25 12:00,Volk 6,Zwirle 1,Zander,Zander flach (159mm),Liebig / Hohenheimer Einfachbeute,,,,,,,,,,,,,,,,,,,,,,,Nein,,,,,,13.4,einseitig
12.10.25 12:00,Volk 7,Zwirle 1,Zander,Zander flach (159mm),Liebig / Hohenheimer Einfachbeute,,,,,,,,,,,,,,,,,,,,,,,Nein,,,,,,11.0,einseitig
12.10.25 12:00,Volk 7,Zwirle 1,Zander,Zander flach (159mm),Liebig / Hohenheimer Einfachbeute,,,,,,,,,,,,,,,,,,,,,,,Nein,,,,,,11.0,einseitig
12.10.25 22:20,Volk 1,Zwirle 1,Zander,Zander flach (159mm),Liebig / Hohenheimer Einfachbeute,Ableger,1,Ableger gebildet aus Startervölkern 3 und 4,,,,,,,,,,,,,,,,,,,,Nein,,,,,,19.5,einseitig
12.10.25 23:40,Volk 4,Zwirle 1,Zander,Zander flach (159mm),Liebig / Hohenheimer Einfachbeute,,,,,,,,,,,,,,,,,,,,,,,Nein,,,,,,20.5,einseitig
19.10.25 00:00,Volk 8,Zwirle 1,Zander,Zander flach (159mm),Liebig / Hohenheimer Einfachbeute,,,,,,,,,Gemülldiagnose,1,1,,,,,,,,,,,,Nein,,,,,,12.2,einseitig
19.10.25 00:00,Volk 9,Zwirle 1,Zander,Zander flach (159mm),Liebig / Hohenheimer Einfachbeute,,,,,,,,,Gemülldiagnose,0,1,,,,,,,,,,,,Nein,,,,,,10.4,einseitig
19.10.25 12:00,Volk 10,Zwirle 1,Zander,Zander flach (159mm),Liebig / Hohenheimer Einfachbeute,,,,"Zarge für Ameisensäure aufgesetzt.
2 Streifen Formicpro - 17.10.",,,,,Gemülldiagnose,32,1,,,,,,,,,,,,Nein,,,,,,,einseitig
19.10.25 12:00,Volk 7,Zwirle 1,Zander,Zander flach (159mm),Liebig / Hohenheimer Einfachbeute,,,,,,,,,Gemülldiagnose,0,1,,,,,,,,,,,,Nein,,,,,,11.1,einseitig
19.10.25 12:00,Volk 4,Zwirle 1,Zander,Zander flach (159mm),Liebig / Hohenheimer Einfachbeute,,,,,,,,,Gemülldiagnose,11,1,,,,,,,,,,,,Nein,,,,,,20.2,einseitig
19.10.25 12:00,Volk 3,Zwirle 1,Zander,Zander flach (159mm),Liebig / Hohenheimer Einfachbeute,,,,,,,,,Gemülldiagnose,1,1,,,,,,,,,,,,Nein,,,,,,20.7,einseitig
19.10.25 12:00,Volk 5,Zwirle 1,Zander,Zander flach (159mm),Liebig / Hohenheimer Einfachbeute,,,,"Zarge für Ameisensäure aufgesetzt.
2 Streifen Formicpro - 17.10.",,,,,Gemülldiagnose,11,1,,,,,,,,,,,,Nein,,,,,,,
19.10.25 13:00,Volk 2,Zwirle 1,Zander,Zander flach (159mm),Liebig / Hohenheimer Einfachbeute,Wirtschaftsvolk,,,,,,,,Gemülldiagnose,7,1,,,,,,,,,,,,Nein,,,,,,20.9,einseitig
19.10.25 22:20,Volk 1,Zwirle 1,Zander,Zander flach (159mm),Liebig / Hohenheimer Einfachbeute,Ableger,1,Ableger gebildet aus Startervölkern 3 und 4,,,,,,Gemülldiagnose,10,1,,,,,,,,,,,,Nein,,,,,,19.0,einseitig
19.10.25 23:50,Volk 6,Zwirle 1,Zander,Zander flach (159mm),Liebig / Hohenheimer Einfachbeute,,,,,,,,,Gemülldiagnose,0,1,,,,,,,,,,,,Nein,,,,,,13.3,einseitig
21.10.25 12:00,Volk 10,Zwirle 1,Zander,Zander flach (159mm),Liebig / Hohenheimer Einfachbeute,,,,,,,,,Gemülldiagnose,46,2,,,,,,,,,,,,Nein,,,,,,,
21.10.25 12:00,Volk 7,Zwirle 1,Zander,Zander flach (159mm),Liebig / Hohenheimer Einfachbeute,,,,,,,,,Gemülldiagnose,9,2,,,,,,,,,,,,Nein,,,,,,,
21.10.25 12:00,Volk 3,Zwirle 1,Zander,Zander flach (159mm),Liebig / Hohenheimer Einfachbeute,,,,,,,,,Gemülldiagnose,3,2,,,,,,,,,,,,Nein,,,,,,,einseitig
21.10.25 12:00,Volk 2,Zwirle 1,Zander,Zander flach (159mm),Liebig / Hohenheimer Einfachbeute,Wirtschaftsvolk,,,,,,,,Gemülldiagnose,5,2,,,,,,,,,,,,Nein,,,,,,,
21.10.25 12:00,Volk 4,Zwirle 1,Zander,Zander flach (159mm),Liebig / Hohenheimer Einfachbeute,,,,,,,,,Gemülldiagnose,13,2,,,,,,,,,,,,Nein,,,,,,,
21.10.25 12:00,Volk 5,Zwirle 1,Zander,Zander flach (159mm),Liebig / Hohenheimer Einfachbeute,,,,,,,,,Gemülldiagnose,18,2,,,,,,,,,,,,Nein,,,,,,,
21.10.25 12:00,Volk 8,Zwirle 1,Zander,Zander flach (159mm),Liebig / Hohenheimer Einfachbeute,,,,,,,,,Gemülldiagnose,2,2,,,,,,,,,,,,Nein,,,,,,,
21.10.25 12:00,Volk 9,Zwirle 1,Zander,Zander flach (159mm),Liebig / Hohenheimer Einfachbeute,,,,,,,,,Gemülldiagnose,2,2,,,,,,,,,,,,Nein,,,,,,,
21.10.25 22:20,Volk 1,Zwirle 1,Zander,Zander flach (159mm),Liebig / Hohenheimer Einfachbeute,Ableger,1,Ableger gebildet aus Startervölkern 3 und 4,,,,,,Gemülldiagnose,21,2,,,,,,,,,,,,Nein,,,,,,,
21.10.25 23:50,Volk 6,Zwirle 1,Zander,Zander flach (159mm),Liebig / Hohenheimer Einfachbeute,,,,,,,,,Gemülldiagnose,3,2,,,,,,,,,,,,Nein,,,,,,,
22.10.25 21:10,Volk 1,Zwirle 1,Zander,Zander flach (159mm),Liebig / Hohenheimer Einfachbeute,Ableger,1,Ableger gebildet aus Startervölkern 3 und 4,,,,,,Gemülldiagnose,3,1,,,,,,,,,,,,Nein,,,,,,,
24.10.25 07:00,Volk 4,Zwirle 1,Zander,Zander flach (159mm),Liebig / Hohenheimer Einfachbeute,,,,"Windelschieber entfernt
Mäusegitter angebracht",,,,,,,,,,,,,,,,,,,Nein,,,,,,,
24.10.25 12:00,Volk 5,Zwirle 1,Zander,Zander flach (159mm),Liebig / Hohenheimer Einfachbeute,,,,"Windelschieber entfernt
Mäusegitter angebracht
Formicpro-Streifen entfernt",,,,,,,,,,,,,,,,,,,Nein,,,,,,,
24.10.25 12:00,Volk 6,Zwirle 1,Zander,Zander flach (159mm),Liebig / Hohenheimer Einfachbeute,,,,"Windelschieber entfernt
Mäusegitter angebracht",,,,,,,,,,,,,,,,,,,Nein,,,,,,,
24.10.25 12:00,Volk 3,Zwirle 1,Zander,Zander flach (159mm),Liebig / Hohenheimer Einfachbeute,,,,"Windelschieber entfernt
Mäusegitter angebracht",,,,,,,,,,,,,,,,,,,Nein,,,,,,,
24.10.25 12:00,Volk 9,Zwirle 1,Zander,Zander flach (159mm),Liebig / Hohenheimer Einfachbeute,,,,"Windelschieber entfernt
Mäusegitter angebracht",,,,,,,,,,,,,,,,,,,Nein,,,,,,,
24.10.25 12:00,Volk 1,Zwirle 1,Zander,Zander flach (159mm),Liebig / Hohenheimer Einfachbeute,Ableger,1,Ableger gebildet aus Startervölkern 3 und 4,"Windelschieber entfernt
Mäusegitter angebracht",,,,,,,,,,,,,,,,,,,Nein,,,,,,,
24.10.25 12:00,Volk 7,Zwirle 1,Zander,Zander flach (159mm),Liebig / Hohenheimer Einfachbeute,,,,"Windelschieber entfernt
Mäusegitter angebracht",,,,,,,,,,,,,,,,,,,Nein,,,,,,,
24.10.25 12:00,Volk 8,Zwirle 1,Zander,Zander flach (159mm),Liebig / Hohenheimer Einfachbeute,,,,"Windelschieber entfernt
Mäusegitter angebracht",,,,,,,,,,,,,,,,,,,Nein,,,,,,,
24.10.25 12:00,Volk 2,Zwirle 1,Zander,Zander flach (159mm),Liebig / Hohenheimer Einfachbeute,Wirtschaftsvolk,,,"Windelschieber entfernt
Mäusegitter angebracht",,,,,,,,,,,,,,,,,,,Nein,,,,,,,
24.10.25 12:00,Volk 10,Zwirle 1,Zander,Zander flach (159mm),Liebig / Hohenheimer Einfachbeute,,,,"Windelschieber entfernt
Mäusegitter angebracht
Formicpro-Streifen entfernt",,,,,,,,,,,,,,,,,,,Nein,,,,,,,
08.11.25 07:30,Volk 7,Zwirle 1,Zander,Zander flach (159mm),Liebig / Hohenheimer Einfachbeute,,,,"Gesamtfuttermenge 9,8kg",,,,,,,,,,,,,,,,,,,Nein,,,,Invertzuckersirup,2.1,11.0,einseitig
08.11.25 12:00,Volk 6,Zwirle 1,Zander,Zander flach (159mm),Liebig / Hohenheimer Einfachbeute,,,,,,,,,,,,,,,,,,,,,,,Nein,,,,,,12.7,einseitig
08.11.25 12:00,Volk 4,Zwirle 1,Zander,Zander flach (159mm),Liebig / Hohenheimer Einfachbeute,,,,,,,,,,,,,,,,,,,,,,,Nein,,,,,,19.4,einseitig
08.11.25 12:00,Volk 5,Zwirle 1,Zander,Zander flach (159mm),Liebig / Hohenheimer Einfachbeute,,,,,,,,,,,,,,,,,,,,,,,Nein,,,,,,22.7,einseitig
08.11.25 12:00,Volk 9,Zwirle 1,Zander,Zander flach (159mm),Liebig / Hohenheimer Einfachbeute,,,,"Gesamtfuttermenge 10,5kg",,,,,,,,,,,,,,,,,,,Nein,,,,Invertzuckersirup,2.1,,
08.11.25 12:00,Volk 3,Zwirle 1,Zander,Zander flach (159mm),Liebig / Hohenheimer Einfachbeute,,,,,,,,,,,,,,,,,,,,,,,Nein,,,,,,19.6,einseitig
08.11.25 12:00,Volk 2,Zwirle 1,Zander,Zander flach (159mm),Liebig / Hohenheimer Einfachbeute,Wirtschaftsvolk,,,,,,,,,,,,,,,,,,,,,,Nein,,,,,,19.6,einseitig
08.11.25 12:00,Volk 8,Zwirle 1,Zander,Zander flach (159mm),Liebig / Hohenheimer Einfachbeute,,,,,,,,,,,,,,,,,,,,,,,Nein,,,,,,10.2,einseitig
08.11.25 12:00,Volk 10,Zwirle 1,Zander,Zander flach (159mm),Liebig / Hohenheimer Einfachbeute,,,,,,,,,,,,,,,,,,,,,,,Nein,,,,,,15.3,einseitig
08.11.25 12:00,Volk 1,Zwirle 1,Zander,Zander flach (159mm),Liebig / Hohenheimer Einfachbeute,Ableger,1,Ableger gebildet aus Startervölkern 3 und 4,,,,,,,,,,,,,,,,,,,,Nein,,,,,,17.9,einseitig
12.11.25 12:00,Volk 1,Zwirle 1,Zander,Zander flach (159mm),Liebig / Hohenheimer Einfachbeute,Ableger,1,Ableger gebildet aus Startervölkern 3 und 4,2 Futterwaben für Futtertasche entnommen,,,,,,,,,,,,,,,,,,,Nein,,,,Invertzuckersirup,1.05,,
13.11.25 07:30,Volk 1,Zwirle 1,Zander,Zander flach (159mm),Liebig / Hohenheimer Einfachbeute,Ableger,1,Ableger gebildet aus Startervölkern 3 und 4,,,,,,,,,,,,,,,,,,,,Nein,,,,Invertzuckersirup,2.1,,
23.11.25 07:30,Volk 3,Zwirle 1,Zander,Zander flach (159mm),Liebig / Hohenheimer Einfachbeute,,,,,,,,,,,,,,,,,,,,,,,Nein,,,,,,18.7,einseitig
23.11.25 07:30,Volk 1,Zwirle 1,Zander,Zander flach (159mm),Liebig / Hohenheimer Einfachbeute,Ableger,1,Ableger gebildet aus Startervölkern 3 und 4,,,,,,,,,,,,,,,,,,,,Nein,,,,,,17.0,einseitig
23.11.25 12:00,Volk 4,Zwirle 1,Zander,Zander flach (159mm),Liebig / Hohenheimer Einfachbeute,,,,,,,,,,,,,,,,,,,,,,,Nein,,,,,,19.0,einseitig
23.11.25 12:00,Volk 7,Zwirle 1,Zander,Zander flach (159mm),Liebig / Hohenheimer Einfachbeute,,,,,,,,,,,,,,,,,,,,,,,Nein,,,,,,11.6,einseitig
23.11.25 12:00,Volk 8,Zwirle 1,Zander,Zander flach (159mm),Liebig / Hohenheimer Einfachbeute,,,,,,,,,,,,,,,,,,,,,,,Nein,,,,,,12.0,einseitig
23.11.25 12:00,Volk 2,Zwirle 1,Zander,Zander flach (159mm),Liebig / Hohenheimer Einfachbeute,Wirtschaftsvolk,,,,,,,,,,,,,,,,,,,,,,Nein,,,,,,19.0,einseitig
23.11.25 12:00,Volk 9,Zwirle 1,Zander,Zander flach (159mm),Liebig / Hohenheimer Einfachbeute,,,,,,,,,,,,,,,,,,,,,,,Nein,,,,,,10.7,einseitig
23.11.25 12:00,Volk 10,Zwirle 1,Zander,Zander flach (159mm),Liebig / Hohenheimer Einfachbeute,,,,"2 Waben für Futterbehälter entnommen
Gesamtfuttermenge 12,95kg",,,,,,,,,,,,,,,,,,,Nein,,,,Invertzuckersirup,1.75,15.8,einseitig
23.11.25 12:00,Volk 6,Zwirle 1,Zander,Zander flach (159mm),Liebig / Hohenheimer Einfachbeute,,,,,,,,,,,,,,,,,,,,,,,Nein,,,,,,11.9,einseitig
23.11.25 12:00,Volk 5,Zwirle 1,Zander,Zander flach (159mm),Liebig / Hohenheimer Einfachbeute,,,,,,,,,,,,,,,,,,,,,,,Nein,,,,,,21.8,einseitig
07.12.25 08:00,Volk 6,Zwirle 1,Zander,Zander flach (159mm),Liebig / Hohenheimer Einfachbeute,,,,,,,,,Gemülldiagnose,3,10,,,,,,,,,,,,Nein,,,,,,,
07.12.25 08:00,Volk 9,Zwirle 1,Zander,Zander flach (159mm),Liebig / Hohenheimer Einfachbeute,,,,,,,,,Gemülldiagnose,13,10,,,,,,,,,,,,Nein,,,,,,,
07.12.25 12:00,Volk 4,Zwirle 1,Zander,Zander flach (159mm),Liebig / Hohenheimer Einfachbeute,,,,,,,,,Gemülldiagnose,9,10,,,,,,,,,,,,Nein,,,,,,,
07.12.25 12:00,Volk 8,Zwirle 1,Zander,Zander flach (159mm),Liebig / Hohenheimer Einfachbeute,,,,,,,,,Gemülldiagnose,8,10,,,,,,,,,,,,Nein,,,,,,,
07.12.25 12:00,Volk 1,Zwirle 1,Zander,Zander flach (159mm),Liebig / Hohenheimer Einfachbeute,Ableger,1,Ableger gebildet aus Startervölkern 3 und 4,,,,,,Gemülldiagnose,50,10,,,,,,,,,,,,Nein,,,,,,,
07.12.25 12:00,Volk 2,Zwirle 1,Zander,Zander flach (159mm),Liebig / Hohenheimer Einfachbeute,Wirtschaftsvolk,,,,,,,,Gemülldiagnose,12,10,,,,,,,,,,,,Nein,,,,,,,
07.12.25 12:00,Volk 7,Zwirle 1,Zander,Zander flach (159mm),Liebig / Hohenheimer Einfachbeute,,,,,,,,,Gemülldiagnose,12,10,,,,,,,,,,,,Nein,,,,,,,
07.12.25 12:00,Volk 5,Zwirle 1,Zander,Zander flach (159mm),Liebig / Hohenheimer Einfachbeute,,,,,,,,,Gemülldiagnose,16,10,,,,,,,,,,,,Nein,,,,,,,
07.12.25 12:00,Volk 3,Zwirle 1,Zander,Zander flach (159mm),Liebig / Hohenheimer Einfachbeute,,,,,,,,,Gemülldiagnose,5,10,,,,,,,,,,,,Nein,,,,,,,
15.12.25 07:40,Volk 1,Zwirle 1,Zander,Zander flach (159mm),Liebig / Hohenheimer Einfachbeute,Ableger,1,Ableger gebildet aus Startervölkern 3 und 4,Futtertasche raus und 2 Futterwaben wieder rein,,,,,,,,Oxalsäure Bernburg 40 mg/ml Konzentrat,Träufeln,,50.0,,,,,,,,Nein,,,,,,,
15.12.25 07:50,Volk 2,Zwirle 1,Zander,Zander flach (159mm),Liebig / Hohenheimer Einfachbeute,Wirtschaftsvolk,,,,,,,,,,,Oxalsäure Bernburg 40 mg/ml Konzentrat,Träufeln,,50.0,,,,,,,,Nein,,,,,,,
15.12.25 08:00,Volk 9,Zwirle 1,Zander,Zander flach (159mm),Liebig / Hohenheimer Einfachbeute,,,,Futtertasche raus und 2 Futterwaben von Volk 10 eingehängt,,,,,,,,Oxalsäure Bernburg 40 mg/ml Konzentrat,Träufeln,,25.0,,,,,,,,Nein,,,,,,,
15.12.25 08:00,Volk 7,Zwirle 1,Zander,Zander flach (159mm),Liebig / Hohenheimer Einfachbeute,,,,Futtertasche raus und 2 Futterwaben von Volk 10 eingehängt,,,,,,,,Oxalsäure Bernburg 40 mg/ml Konzentrat,Träufeln,,25.0,,,,,,,,Nein,,,,,,,
15.12.25 12:00,Volk 3,Zwirle 1,Zander,Zander flach (159mm),Liebig / Hohenheimer Einfachbeute,,,,,,,,,,,,Oxalsäure Bernburg 40 mg/ml Konzentrat,Träufeln,,50.0,,,,,,,,Nein,,,,,,,
15.12.25 12:00,Volk 8,Zwirle 1,Zander,Zander flach (159mm),Liebig / Hohenheimer Einfachbeute,,,,,,,,,,,,Oxalsäure Bernburg 40 mg/ml Konzentrat,Träufeln,,30.0,,,,,,,,Nein,,,,,,,
15.12.25 12:00,Volk 4,Zwirle 1,Zander,Zander flach (159mm),Liebig / Hohenheimer Einfachbeute,,,,,,,,,,,,Oxalsäure Bernburg 40 mg/ml Konzentrat,Träufeln,,40.0,,,,,,,,Nein,,,,,,,
15.12.25 12:00,Volk 5,Zwirle 1,Zander,Zander flach (159mm),Liebig / Hohenheimer Einfachbeute,,,,,,,,,,,,Oxalsäure Bernburg 40 mg/ml Konzentrat,Träufeln,,50.0,,,,,,,,Nein,,,,,,,
15.12.25 12:00,Volk 6,Zwirle 1,Zander,Zander flach (159mm),Liebig / Hohenheimer Einfachbeute,,,,,,,,,,,,Oxalsäure Bernburg 40 mg/ml Konzentrat,Träufeln,,35.0,,,,,,,,Nein,,,,,,,
21.12.25 07:40,Volk 1,Zwirle 1,Zander,Zander flach (159mm),Liebig / Hohenheimer Einfachbeute,Ableger,1,Ableger gebildet aus Startervölkern 3 und 4,,,,,,,,,,,,,,,,,,,,Nein,,,,,,18.4,einseitig
21.12.25 07:50,Volk 2,Zwirle 1,Zander,Zander flach (159mm),Liebig / Hohenheimer Einfachbeute,Wirtschaftsvolk,,,,,,,,,,,,,,,,,,,,,,Nein,,,,,,18.8,einseitig
21.12.25 08:00,Volk 6,Zwirle 1,Zander,Zander flach (159mm),Liebig / Hohenheimer Einfachbeute,,,,,,,,,,,,,,,,,,,,,,,Nein,,,,,,12.5,einseitig
21.12.25 08:00,Volk 9,Zwirle 1,Zander,Zander flach (159mm),Liebig / Hohenheimer Einfachbeute,,,,,,,,,,,,,,,,,,,,,,,Nein,,,,,,12.4,einseitig
21.12.25 08:00,Volk 8,Zwirle 1,Zander,Zander flach (159mm),Liebig / Hohenheimer Einfachbeute,,,,,,,,,,,,,,,,,,,,,,,Nein,,,,,,11.9,einseitig
21.12.25 08:00,Volk 7,Zwirle 1,Zander,Zander flach (159mm),Liebig / Hohenheimer Einfachbeute,,,,,,,,,,,,,,,,,,,,,,,Nein,,,,,,12.8,einseitig
21.12.25 12:00,Volk 4,Zwirle 1,Zander,Zander flach (159mm),Liebig / Hohenheimer Einfachbeute,,,,,,,,,,,,,,,,,,,,,,,Nein,,,,,,19.1,einseitig
21.12.25 12:00,Volk 5,Zwirle 1,Zander,Zander flach (159mm),Liebig / Hohenheimer Einfachbeute,,,,,,,,,,,,,,,,,,,,,,,Nein,,,,,,21.5,einseitig
21.12.25 12:00,Volk 3,Zwirle 1,Zander,Zander flach (159mm),Liebig / Hohenheimer Einfachbeute,,,,,,,,,,,,,,,,,,,,,,,Nein,,,,,,18.9,einseitig
27.12.25 07:40,Volk 1,Zwirle 1,Zander,Zander flach (159mm),Liebig / Hohenheimer Einfachbeute,Ableger,1,Ableger gebildet aus Startervölkern 3 und 4,,,,,,Gemülldiagnose,15,3,,,,,,,,,,,,Nein,,,,,,,
27.12.25 08:00,Volk 6,Zwirle 1,Zander,Zander flach (159mm),Liebig / Hohenheimer Einfachbeute,,,,,,,,,Gemülldiagnose,8,3,,,,,,,,,,,,Nein,,,,,,,
27.12.25 12:00,Volk 10,Zwirle 1,Zander,Zander flach (159mm),Liebig / Hohenheimer Einfachbeute,,,,"Volk leider tot
ca 50-100 tote Bienen auf Gitterboden - REST leer",,,,,,,,,,,,,,,,,,,Nein,,,,,,,
27.12.25 12:00,Volk 9,Zwirle 1,Zander,Zander flach (159mm),Liebig / Hohenheimer Einfachbeute,,,,,,,,,Gemülldiagnose,6,3,,,,,,,,,,,,Nein,,,,,,,
27.12.25 12:00,Volk 3,Zwirle 1,Zander,Zander flach (159mm),Liebig / Hohenheimer Einfachbeute,,,,,,,,,Gemülldiagnose,12,3,,,,,,,,,,,,Nein,,,,,,,
27.12.25 12:00,Volk 8,Zwirle 1,Zander,Zander flach (159mm),Liebig / Hohenheimer Einfachbeute,,,,,,,,,Gemülldiagnose,2,3,,,,,,,,,,,,Nein,,,,,,,
27.12.25 12:00,Volk 7,Zwirle 1,Zander,Zander flach (159mm),Liebig / Hohenheimer Einfachbeute,,,,,,,,,Gemülldiagnose,5,3,,,,,,,,,,,,Nein,,,,,,,
27.12.25 12:00,Volk 5,Zwirle 1,Zander,Zander flach (159mm),Liebig / Hohenheimer Einfachbeute,,,,,,,,,Gemülldiagnose,9,3,,,,,,,,,,,,Nein,,,,,,,
27.12.25 12:00,Volk 2,Zwirle 1,Zander,Zander flach (159mm),Liebig / Hohenheimer Einfachbeute,Wirtschaftsvolk,,,,,,,,Gemülldiagnose,10,3,,,,,,,,,,,,Nein,,,,,,,
27.12.25 12:00,Volk 4,Zwirle 1,Zander,Zander flach (159mm),Liebig / Hohenheimer Einfachbeute,,,,,,,,,Gemülldiagnose,0,3,,,,,,,,,,,,Nein,,,,,,,
09.01.26 14:20,Volk 1,Zwirle 1,Zander,Zander flach (159mm),Liebig / Hohenheimer Einfachbeute,Ableger,1,Ableger gebildet aus Startervölkern 3 und 4,,,,,,Gemülldiagnose,5,5,,,,,,,,,,,,Nein,,,,,,17.6,einseitig
09.01.26 14:30,Volk 3,Zwirle 1,Zander,Zander flach (159mm),Liebig / Hohenheimer Einfachbeute,,,,,,,,,Gemülldiagnose,6,5,,,,,,,,,,,,Nein,,,,,,18.4,einseitig
09.01.26 14:30,Volk 4,Zwirle 1,Zander,Zander flach (159mm),Liebig / Hohenheimer Einfachbeute,,,,,,,,,Gemülldiagnose,4,5,,,,,,,,,,,,Nein,,,,,,18.6,einseitig
09.01.26 14:30,Volk 2,Zwirle 1,Zander,Zander flach (159mm),Liebig / Hohenheimer Einfachbeute,Wirtschaftsvolk,,,,,,,,Gemülldiagnose,6,5,,,,,,,,,,,,Nein,,,,,,18.4,einseitig
09.01.26 14:40,Volk 8,Zwirle 1,Zander,Zander flach (159mm),Liebig / Hohenheimer Einfachbeute,,,,,,,,,Gemülldiagnose,1,5,,,,,,,,,,,,Nein,,,,,,11.6,einseitig
09.01.26 14:40,Volk 5,Zwirle 1,Zander,Zander flach (159mm),Liebig / Hohenheimer Einfachbeute,,,,,,,,,Gemülldiagnose,36,5,,,,,,,,,,,,Nein,,,,,,21.3,einseitig
09.01.26 14:40,Volk 6,Zwirle 1,Zander,Zander flach (159mm),Liebig / Hohenheimer Einfachbeute,,,,,,,,,Gemülldiagnose,2,5,,,,,,,,,,,,Nein,,,,,,11.9,einseitig
09.01.26 14:50,Volk 7,Zwirle 1,Zander,Zander flach (159mm),Liebig / Hohenheimer Einfachbeute,,,,sehr wenig Gemüll...,,,,,Gemülldiagnose,0,5,,,,,,,,,,,,Nein,,,,,,12.6,einseitig
09.01.26 14:50,Volk 9,Zwirle 1,Zander,Zander flach (159mm),Liebig / Hohenheimer Einfachbeute,,,,,,,,,Gemülldiagnose,8,5,,,,,,,,,,,,Nein,,,,,,12.1,einseitig
14.01.26 22:50,Volk 3,Zwirle 1,Zander,Zander flach (159mm),Liebig / Hohenheimer Einfachbeute,,,,,,,,,,,,,,,,,,,,,,,Nein,,,,,,,
18.01.26 11:50,Volk 1,Zwirle 1,Zander,Zander flach (159mm),Liebig / Hohenheimer Einfachbeute,Ableger,1,Ableger gebildet aus Startervölkern 3 und 4,,,,,,Gemülldiagnose,17,9,,,,,,,,,,,,Nein,,,,,,17.3,einseitig
18.01.26 11:50,Volk 2,Zwirle 1,Zander,Zander flach (159mm),Liebig / Hohenheimer Einfachbeute,Wirtschaftsvolk,,,,,,,,Gemülldiagnose,5,9,,,,,,,,,,,,Nein,,,,,,18.4,einseitig
18.01.26 11:50,Volk 3,Zwirle 1,Zander,Zander flach (159mm),Liebig / Hohenheimer Einfachbeute,,,,,,,,,Gemülldiagnose,24,9,,,,,,,,,,,,Nein,,,,,,18.2,einseitig
18.01.26 12:00,Volk 8,Zwirle 1,Zander,Zander flach (159mm),Liebig / Hohenheimer Einfachbeute,,,,,,,,,Gemülldiagnose,3,9,,,,,,,,,,,,Nein,,,,,,11.6,einseitig
18.01.26 12:00,Volk 4,Zwirle 1,Zander,Zander flach (159mm),Liebig / Hohenheimer Einfachbeute,,,,,,,,,Gemülldiagnose,60,9,,,,,,,,,,,,Nein,,,,,,18.5,einseitig
18.01.26 12:00,Volk 6,Zwirle 1,Zander,Zander flach (159mm),Liebig / Hohenheimer Einfachbeute,,,,,,,,,Gemülldiagnose,20,9,,,,,,,,,,,,Nein,,,,,,12.0,einseitig
18.01.26 12:00,Volk 5,Zwirle 1,Zander,Zander flach (159mm),Liebig / Hohenheimer Einfachbeute,,,,,,,,,Gemülldiagnose,80,9,,,,,,,,,,,,Nein,,,,,,21.1,einseitig
18.01.26 12:00,Volk 9,Zwirle 1,Zander,Zander flach (159mm),Liebig / Hohenheimer Einfachbeute,,,,,,,,,Gemülldiagnose,22,9,,,,,,,,,,,,Nein,,,,,,11.8,einseitig
18.01.26 12:10,Volk 7,Zwirle 1,Zander,Zander flach (159mm),Liebig / Hohenheimer Einfachbeute,,,,,,,,,Gemülldiagnose,28,9,,,,,,,,,,,,Nein,,,,,,12.4,einseitig
23.01.26 11:00,Volk 4,Zwirle 1,Zander,Zander flach (159mm),Liebig / Hohenheimer Einfachbeute,,,,zurückliegend 5 sehr kalte Tage,,,,,Gemülldiagnose,1,5,,,,,,,,,,,,Nein,,,,,,,
23.01.26 11:00,Volk 1,Zwirle 1,Zander,Zander flach (159mm),Liebig / Hohenheimer Einfachbeute,Ableger,1,Ableger gebildet aus Startervölkern 3 und 4,zurückliegend 5 sehr kalte Tage,,,,,Gemülldiagnose,3,5,,,,,,,,,,,,Nein,,,,,,,
23.01.26 11:00,Volk 3,Zwirle 1,Zander,Zander flach (159mm),Liebig / Hohenheimer Einfachbeute,,,,zurückliegend 5 sehr kalte Tage,,,,,Gemülldiagnose,2,5,,,,,,,,,,,,Nein,,,,,,,
23.01.26 11:00,Volk 2,Zwirle 1,Zander,Zander flach (159mm),Liebig / Hohenheimer Einfachbeute,Wirtschaftsvolk,,,zurückliegend 5 sehr kalte Tage,,,,,Gemülldiagnose,0,5,,,,,,,,,,,,Nein,,,,,,,
23.01.26 11:10,Volk 9,Zwirle 1,Zander,Zander flach (159mm),Liebig / Hohenheimer Einfachbeute,,,,zurückliegend 5 sehr kalte Tage,,,,,Gemülldiagnose,0,5,,,,,,,,,,,,Nein,,,,,,,
23.01.26 11:10,Volk 6,Zwirle 1,Zander,Zander flach (159mm),Liebig / Hohenheimer Einfachbeute,,,,zurückliegend 5 sehr kalte Tage,,,,,Gemülldiagnose,0,5,,,,,,,,,,,,Nein,,,,,,,
23.01.26 11:10,Volk 7,Zwirle 1,Zander,Zander flach (159mm),Liebig / Hohenheimer Einfachbeute,,,,,,,,,Gemülldiagnose,1,5,,,,,,,,,,,,Nein,,,,,,,
23.01.26 11:10,Volk 5,Zwirle 1,Zander,Zander flach (159mm),Liebig / Hohenheimer Einfachbeute,,,,zurückliegend 5 sehr kalte Tage,,,,,Gemülldiagnose,5,5,,,,,,,,,,,,Nein,,,,,,,
23.01.26 11:10,Volk 8,Zwirle 1,Zander,Zander flach (159mm),Liebig / Hohenheimer Einfachbeute,,,,"zurückliegend 5 sehr kalte Tage
trotzdem relativ viel Gemüll",,,,,Gemülldiagnose,0,5,,,,,,,,,,,,Nein,,,,,,,
31.01.26 13:10,Volk 1,Zwirle 1,Zander,Zander flach (159mm),Liebig / Hohenheimer Einfachbeute,Ableger,1,Ableger gebildet aus Startervölkern 3 und 4,,,,,,Gemülldiagnose,2,8,,,,,,,,,,,,Nein,,,,,,16.9,einseitig
31.01.26 13:10,Volk 2,Zwirle 1,Zander,Zander flach (159mm),Liebig / Hohenheimer Einfachbeute,Wirtschaftsvolk,,,,,,,,Gemülldiagnose,2,8,,,,,,,,,,,,Nein,,,,,,17.9,einseitig
31.01.26 13:10,Volk 3,Zwirle 1,Zander,Zander flach (159mm),Liebig / Hohenheimer Einfachbeute,,,,,,,,,Gemülldiagnose,3,8,,,,,,,,,,,,Nein,,,,,,18.0,einseitig
31.01.26 13:20,Volk 4,Zwirle 1,Zander,Zander flach (159mm),Liebig / Hohenheimer Einfachbeute,,,,,,,,,Gemülldiagnose,2,8,,,,,,,,,,,,Nein,,,,,,18.3,einseitig
31.01.26 13:20,Volk 5,Zwirle 1,Zander,Zander flach (159mm),Liebig / Hohenheimer Einfachbeute,,,,,,,,,Gemülldiagnose,3,8,,,,,,,,,,,,Nein,,,,,,20.8,einseitig
31.01.26 13:30,Volk 6,Zwirle 1,Zander,Zander flach (159mm),Liebig / Hohenheimer Einfachbeute,,,,,,,,,Gemülldiagnose,0,8,,,,,,,,,,,,Nein,,,,,,11.9,einseitig
31.01.26 13:30,Volk 9,Zwirle 1,Zander,Zander flach (159mm),Liebig / Hohenheimer Einfachbeute,,,,,,,,,Gemülldiagnose,0,8,,,,,,,,,,,,Nein,,,,,,11.7,einseitig
31.01.26 13:30,Volk 8,Zwirle 1,Zander,Zander flach (159mm),Liebig / Hohenheimer Einfachbeute,,,,,,,,,Gemülldiagnose,1,8,,,,,,,,,,,,Nein,,,,,,11.1,einseitig
31.01.26 13:40,Volk 7,Zwirle 1,Zander,Zander flach (159mm),Liebig / Hohenheimer Einfachbeute,,,,,,,,,Gemülldiagnose,7,8,,,,,,,,,,,,Nein,,,,,,11.9,einseitig
06.02.26 13:50,Volk 2,Zwirle 1,Zander,Zander flach (159mm),Liebig / Hohenheimer Einfachbeute,Wirtschaftsvolk,,,,,,,,Gemülldiagnose,1,6,,,,,,,,,,,,Nein,,,,,,17.6,einseitig
06.02.26 13:50,Volk 1,Zwirle 1,Zander,Zander flach (159mm),Liebig / Hohenheimer Einfachbeute,Ableger,1,Ableger gebildet aus Startervölkern 3 und 4,,,,,,Gemülldiagnose,1,6,,,,,,,,,,,,Nein,,,,,,16.7,einseitig
06.02.26 13:50,Volk 3,Zwirle 1,Zander,Zander flach (159mm),Liebig / Hohenheimer Einfachbeute,,,,,,,,,Gemülldiagnose,1,6,,,,,,,,,,,,Nein,,,,,,17.95,einseitig
06.02.26 14:00,Volk 4,Zwirle 1,Zander,Zander flach (159mm),Liebig / Hohenheimer Einfachbeute,,,,,,,,,Gemülldiagnose,1,6,,,,,,,,,,,,Nein,,,,,,18.1,einseitig
06.02.26 14:00,Volk 5,Zwirle 1,Zander,Zander flach (159mm),Liebig / Hohenheimer Einfachbeute,,,,,,,,,Gemülldiagnose,3,6,,,,,,,,,,,,Nein,,,,,,20.6,einseitig
06.02.26 14:00,Volk 6,Zwirle 1,Zander,Zander flach (159mm),Liebig / Hohenheimer Einfachbeute,,,,,,,,,Gemülldiagnose,0,6,,,,,,,,,,,,Nein,,,,,,11.8,einseitig
06.02.26 14:10,Volk 9,Zwirle 1,Zander,Zander flach (159mm),Liebig / Hohenheimer Einfachbeute,,,,,,,,,Gemülldiagnose,0,6,,,,,,,,,,,,Nein,,,,,,11.6,einseitig
06.02.26 14:10,Volk 7,Zwirle 1,Zander,Zander flach (159mm),Liebig / Hohenheimer Einfachbeute,,,,,,,,,Gemülldiagnose,0,6,,,,,,,,,,,,Nein,,,,,,11.9,einseitig
06.02.26 14:10,Volk 8,Zwirle 1,Zander,Zander flach (159mm),Liebig / Hohenheimer Einfachbeute,,,,,,,,,Gemülldiagnose,1,6,,,,,,,,,,,,Nein,,,,,,11.0,einseitig
